8	K	peroxisomal (S)-2-hydroxy-acid oxidase GLO1 	708
23	K	peroxisomal (S)-2-hydroxy-acid oxidase GLO1 	708
41	K	peroxisomal (S)-2-hydroxy-acid oxidase GLO1 	708
225	K	peroxisomal (S)-2-hydroxy-acid oxidase GLO1 	708
227	K	peroxisomal (S)-2-hydroxy-acid oxidase GLO1 	708
229	K	peroxisomal (S)-2-hydroxy-acid oxidase GLO1 	708
230	K	peroxisomal (S)-2-hydroxy-acid oxidase GLO1 	708
253	K	peroxisomal (S)-2-hydroxy-acid oxidase GLO1 	708
269	K	peroxisomal (S)-2-hydroxy-acid oxidase GLO1 	708
282	K	peroxisomal (S)-2-hydroxy-acid oxidase GLO1 	708
296	K	peroxisomal (S)-2-hydroxy-acid oxidase GLO1 	708
298	K	peroxisomal (S)-2-hydroxy-acid oxidase GLO1 	708
328	K	peroxisomal (S)-2-hydroxy-acid oxidase GLO1 	708
338	K	peroxisomal (S)-2-hydroxy-acid oxidase GLO1 	708
353	K	peroxisomal (S)-2-hydroxy-acid oxidase GLO1 	708
355	K	peroxisomal (S)-2-hydroxy-acid oxidase GLO1 	708
358	K	peroxisomal (S)-2-hydroxy-acid oxidase GLO1 	708
375	K	peroxisomal (S)-2-hydroxy-acid oxidase GLO1 	708
396	K	peroxisomal (S)-2-hydroxy-acid oxidase GLO1 	708
407	K	peroxisomal (S)-2-hydroxy-acid oxidase GLO1 	708
421	K	peroxisomal (S)-2-hydroxy-acid oxidase GLO1 	708
471	K	peroxisomal (S)-2-hydroxy-acid oxidase GLO1 	708
489	K	peroxisomal (S)-2-hydroxy-acid oxidase GLO1 	708
508	K	peroxisomal (S)-2-hydroxy-acid oxidase GLO1 	708
520	K	peroxisomal (S)-2-hydroxy-acid oxidase GLO1 	708
532	K	peroxisomal (S)-2-hydroxy-acid oxidase GLO1 	708
553	K	peroxisomal (S)-2-hydroxy-acid oxidase GLO1 	708
556	K	peroxisomal (S)-2-hydroxy-acid oxidase GLO1 	708
569	K	peroxisomal (S)-2-hydroxy-acid oxidase GLO1 	708
635	K	peroxisomal (S)-2-hydroxy-acid oxidase GLO1 	708
36	K	oxygen-evolving enhancer protein 2	254
61	K	oxygen-evolving enhancer protein 2	254
78	K	oxygen-evolving enhancer protein 2	254
80	K	oxygen-evolving enhancer protein 2	254
94	K	oxygen-evolving enhancer protein 2	254
100	K	oxygen-evolving enhancer protein 2	254
105	K	oxygen-evolving enhancer protein 2	254
135	K	oxygen-evolving enhancer protein 2	254
136	K	oxygen-evolving enhancer protein 2	254
157	K	oxygen-evolving enhancer protein 2	254
163	K	oxygen-evolving enhancer protein 2	254
191	K	oxygen-evolving enhancer protein 2	254
210	K	oxygen-evolving enhancer protein 2	254
222	K	oxygen-evolving enhancer protein 2	254
227	K	oxygen-evolving enhancer protein 2	254
233	K	oxygen-evolving enhancer protein 2	254
237	K	oxygen-evolving enhancer protein 2	254
241	K	oxygen-evolving enhancer protein 2	254
85	K	transketolase	743
100	K	transketolase	743
129	K	transketolase	743
168	K	transketolase	743
176	K	transketolase	743
211	K	transketolase	743
219	K	transketolase	743
257	K	transketolase	743
296	K	transketolase	743
310	K	transketolase	743
313	K	transketolase	743
318	K	transketolase	743
323	K	transketolase	743
335	K	transketolase	743
349	K	transketolase	743
372	K	transketolase	743
392	K	transketolase	743
398	K	transketolase	743
399	K	transketolase	743
408	K	transketolase	743
425	K	transketolase	743
448	K	transketolase	743
469	K	transketolase	743
476	K	transketolase	743
584	K	transketolase	743
591	K	transketolase	743
602	K	transketolase	743
616	K	transketolase	743
629	K	transketolase	743
646	K	transketolase	743
653	K	transketolase	743
656	K	transketolase	743
677	K	transketolase	743
701	K	transketolase	743
706	K	transketolase	743
708	K	transketolase	743
714	K	transketolase	743
723	K	transketolase	743
740	K	transketolase	743
17	K	20 kDa chaperonin	252
48	K	20 kDa chaperonin	252
56	K	20 kDa chaperonin	252
61	K	20 kDa chaperonin	252
70	K	20 kDa chaperonin	252
77	K	20 kDa chaperonin	252
91	K	20 kDa chaperonin	252
109	K	20 kDa chaperonin	252
110	K	20 kDa chaperonin	252
125	K	20 kDa chaperonin	252
137	K	20 kDa chaperonin	252
142	K	20 kDa chaperonin	252
156	K	20 kDa chaperonin	252
159	K	20 kDa chaperonin	252
168	K	20 kDa chaperonin	252
175	K	20 kDa chaperonin	252
187	K	20 kDa chaperonin	252
189	K	20 kDa chaperonin	252
208	K	20 kDa chaperonin	252
224	K	20 kDa chaperonin	252
231	K	20 kDa chaperonin	252
24	K	photosynthetic NDH subunit of lumenal location 5	250
72	K	photosynthetic NDH subunit of lumenal location 5	250
79	K	photosynthetic NDH subunit of lumenal location 5	250
83	K	photosynthetic NDH subunit of lumenal location 5	250
96	K	photosynthetic NDH subunit of lumenal location 5	250
125	K	photosynthetic NDH subunit of lumenal location 5	250
130	K	photosynthetic NDH subunit of lumenal location 5	250
139	K	photosynthetic NDH subunit of lumenal location 5	250
150	K	photosynthetic NDH subunit of lumenal location 5	250
157	K	photosynthetic NDH subunit of lumenal location 5	250
165	K	photosynthetic NDH subunit of lumenal location 5	250
170	K	photosynthetic NDH subunit of lumenal location 5	250
199	K	photosynthetic NDH subunit of lumenal location 5	250
221	K	photosynthetic NDH subunit of lumenal location 5	250
235	K	photosynthetic NDH subunit of lumenal location 5	250
236	K	photosynthetic NDH subunit of lumenal location 5	250
237	K	photosynthetic NDH subunit of lumenal location 5	250
27	K	malate dehydrogenase	340
46	K	malate dehydrogenase	340
79	K	malate dehydrogenase	340
106	K	malate dehydrogenase	340
123	K	malate dehydrogenase	340
131	K	malate dehydrogenase	340
157	K	malate dehydrogenase	340
158	K	malate dehydrogenase	340
165	K	malate dehydrogenase	340
166	K	malate dehydrogenase	340
179	K	malate dehydrogenase	340
185	K	malate dehydrogenase	340
226	K	malate dehydrogenase	340
230	K	malate dehydrogenase	340
243	K	malate dehydrogenase	340
246	K	malate dehydrogenase	340
266	K	malate dehydrogenase	340
293	K	malate dehydrogenase	340
298	K	malate dehydrogenase	340
315	K	malate dehydrogenase	340
322	K	malate dehydrogenase	340
326	K	malate dehydrogenase	340
331	K	malate dehydrogenase	340
334	K	malate dehydrogenase	340
2	K	glyceraldehyde-3-phosphate dehydrogenase 2	337
4	K	glyceraldehyde-3-phosphate dehydrogenase 2	337
47	K	glyceraldehyde-3-phosphate dehydrogenase 2	337
56	K	glyceraldehyde-3-phosphate dehydrogenase 2	337
61	K	glyceraldehyde-3-phosphate dehydrogenase 2	337
63	K	glyceraldehyde-3-phosphate dehydrogenase 2	337
66	K	glyceraldehyde-3-phosphate dehydrogenase 2	337
73	K	glyceraldehyde-3-phosphate dehydrogenase 2	337
106	K	glyceraldehyde-3-phosphate dehydrogenase 2	337
108	K	glyceraldehyde-3-phosphate dehydrogenase 2	337
114	K	glyceraldehyde-3-phosphate dehydrogenase 2	337
118	K	glyceraldehyde-3-phosphate dehydrogenase 2	337
119	K	glyceraldehyde-3-phosphate dehydrogenase 2	337
127	K	glyceraldehyde-3-phosphate dehydrogenase 2	337
139	K	glyceraldehyde-3-phosphate dehydrogenase 2	337
142	K	glyceraldehyde-3-phosphate dehydrogenase 2	337
163	K	glyceraldehyde-3-phosphate dehydrogenase 2	337
187	K	glyceraldehyde-3-phosphate dehydrogenase 2	337
195	K	glyceraldehyde-3-phosphate dehydrogenase 2	337
216	K	glyceraldehyde-3-phosphate dehydrogenase 2	337
220	K	glyceraldehyde-3-phosphate dehydrogenase 2	337
228	K	glyceraldehyde-3-phosphate dehydrogenase 2	337
252	K	glyceraldehyde-3-phosphate dehydrogenase 2	337
260	K	glyceraldehyde-3-phosphate dehydrogenase 2	337
264	K	glyceraldehyde-3-phosphate dehydrogenase 2	337
270	K	glyceraldehyde-3-phosphate dehydrogenase 2	337
272	K	glyceraldehyde-3-phosphate dehydrogenase 2	337
299	K	glyceraldehyde-3-phosphate dehydrogenase 2	337
310	K	glyceraldehyde-3-phosphate dehydrogenase 2	337
32	K	sedoheptulose-1,7-bisphosphatase	392
60	K	sedoheptulose-1,7-bisphosphatase	392
83	K	sedoheptulose-1,7-bisphosphatase	392
88	K	sedoheptulose-1,7-bisphosphatase	392
107	K	sedoheptulose-1,7-bisphosphatase	392
135	K	sedoheptulose-1,7-bisphosphatase	392
148	K	sedoheptulose-1,7-bisphosphatase	392
199	K	sedoheptulose-1,7-bisphosphatase	392
227	K	sedoheptulose-1,7-bisphosphatase	392
242	K	sedoheptulose-1,7-bisphosphatase	392
247	K	sedoheptulose-1,7-bisphosphatase	392
256	K	sedoheptulose-1,7-bisphosphatase	392
274	K	sedoheptulose-1,7-bisphosphatase	392
281	K	sedoheptulose-1,7-bisphosphatase	392
283	K	sedoheptulose-1,7-bisphosphatase	392
302	K	sedoheptulose-1,7-bisphosphatase	392
304	K	sedoheptulose-1,7-bisphosphatase	392
316	K	sedoheptulose-1,7-bisphosphatase	392
318	K	sedoheptulose-1,7-bisphosphatase	392
334	K	sedoheptulose-1,7-bisphosphatase	392
343	K	sedoheptulose-1,7-bisphosphatase	392
349	K	sedoheptulose-1,7-bisphosphatase	392
365	K	sedoheptulose-1,7-bisphosphatase	392
17	K	2-Cys peroxiredoxin BAS1	261
72	K	2-Cys peroxiredoxin BAS1	261
90	K	2-Cys peroxiredoxin BAS1	261
97	K	2-Cys peroxiredoxin BAS1	261
98	K	2-Cys peroxiredoxin BAS1	261
129	K	2-Cys peroxiredoxin BAS1	261
154	K	2-Cys peroxiredoxin BAS1	261
162	K	2-Cys peroxiredoxin BAS1	261
171	K	2-Cys peroxiredoxin BAS1	261
175	K	2-Cys peroxiredoxin BAS1	261
196	K	2-Cys peroxiredoxin BAS1	261
240	K	2-Cys peroxiredoxin BAS1	261
244	K	2-Cys peroxiredoxin BAS1	261
247	K	2-Cys peroxiredoxin BAS1	261
251	K	2-Cys peroxiredoxin BAS1	261
254	K	2-Cys peroxiredoxin BAS1	261
55	K	phosphoribulokinase	403
69	K	phosphoribulokinase	403
88	K	phosphoribulokinase	403
119	K	phosphoribulokinase	403
121	K	phosphoribulokinase	403
141	K	phosphoribulokinase	403
144	K	phosphoribulokinase	403
147	K	phosphoribulokinase	403
151	K	phosphoribulokinase	403
171	K	phosphoribulokinase	403
203	K	phosphoribulokinase	403
207	K	phosphoribulokinase	403
223	K	phosphoribulokinase	403
230	K	phosphoribulokinase	403
241	K	phosphoribulokinase	403
263	K	phosphoribulokinase	403
268	K	phosphoribulokinase	403
272	K	phosphoribulokinase	403
276	K	phosphoribulokinase	403
298	K	phosphoribulokinase	403
307	K	phosphoribulokinase	403
348	K	phosphoribulokinase	403
359	K	phosphoribulokinase	403
380	K	phosphoribulokinase	403
401	K	phosphoribulokinase	403
19	K	ribulose bisphosphate carboxylase small chain A	175
45	K	ribulose bisphosphate carboxylase small chain A	175
56	K	ribulose bisphosphate carboxylase small chain A	175
57	K	ribulose bisphosphate carboxylase small chain A	175
74	K	ribulose bisphosphate carboxylase small chain A	175
83	K	ribulose bisphosphate carboxylase small chain A	175
92	K	ribulose bisphosphate carboxylase small chain A	175
116	K	ribulose bisphosphate carboxylase small chain A	175
130	K	ribulose bisphosphate carboxylase small chain A	175
136	K	ribulose bisphosphate carboxylase small chain A	175
137	K	ribulose bisphosphate carboxylase small chain A	175
164	K	ribulose bisphosphate carboxylase small chain A	175
7	K	fructose-bisphosphate aldolase	388
13	K	fructose-bisphosphate aldolase	388
14	K	fructose-bisphosphate aldolase	388
27	K	fructose-bisphosphate aldolase	388
46	K	fructose-bisphosphate aldolase	388
49	K	fructose-bisphosphate aldolase	388
70	K	fructose-bisphosphate aldolase	388
119	K	fructose-bisphosphate aldolase	388
120	K	fructose-bisphosphate aldolase	388
129	K	fructose-bisphosphate aldolase	388
135	K	fructose-bisphosphate aldolase	388
138	K	fructose-bisphosphate aldolase	388
174	K	fructose-bisphosphate aldolase	388
191	K	fructose-bisphosphate aldolase	388
234	K	fructose-bisphosphate aldolase	388
256	K	fructose-bisphosphate aldolase	388
267	K	fructose-bisphosphate aldolase	388
281	K	fructose-bisphosphate aldolase	388
336	K	fructose-bisphosphate aldolase	388
346	K	fructose-bisphosphate aldolase	388
357	K	fructose-bisphosphate aldolase	388
366	K	fructose-bisphosphate aldolase	388
377	K	fructose-bisphosphate aldolase	388
383	K	fructose-bisphosphate aldolase	388
3	K	heat shock cognate 70 kDa protein 2 	649
58	K	heat shock cognate 70 kDa protein 2 	649
73	K	heat shock cognate 70 kDa protein 2 	649
90	K	heat shock cognate 70 kDa protein 2 	649
95	K	heat shock cognate 70 kDa protein 2 	649
103	K	heat shock cognate 70 kDa protein 2 	649
111	K	heat shock cognate 70 kDa protein 2 	649
115	K	heat shock cognate 70 kDa protein 2 	649
129	K	heat shock cognate 70 kDa protein 2 	649
143	K	heat shock cognate 70 kDa protein 2 	649
162	K	heat shock cognate 70 kDa protein 2 	649
190	K	heat shock cognate 70 kDa protein 2 	649
191	K	heat shock cognate 70 kDa protein 2 	649
198	K	heat shock cognate 70 kDa protein 2 	649
225	K	heat shock cognate 70 kDa protein 2 	649
251	K	heat shock cognate 70 kDa protein 2 	649
253	K	heat shock cognate 70 kDa protein 2 	649
255	K	heat shock cognate 70 kDa protein 2 	649
256	K	heat shock cognate 70 kDa protein 2 	649
276	K	heat shock cognate 70 kDa protein 2 	649
317	K	heat shock cognate 70 kDa protein 2 	649
324	K	heat shock cognate 70 kDa protein 2 	649
330	K	heat shock cognate 70 kDa protein 2 	649
333	K	heat shock cognate 70 kDa protein 2 	649
362	K	heat shock cognate 70 kDa protein 2 	649
366	K	heat shock cognate 70 kDa protein 2 	649
392	K	heat shock cognate 70 kDa protein 2 	649
428	K	heat shock cognate 70 kDa protein 2 	649
429	K	heat shock cognate 70 kDa protein 2 	649
463	K	heat shock cognate 70 kDa protein 2 	649
498	K	heat shock cognate 70 kDa protein 2 	649
503	K	heat shock cognate 70 kDa protein 2 	649
505	K	heat shock cognate 70 kDa protein 2 	649
512	K	heat shock cognate 70 kDa protein 2 	649
517	K	heat shock cognate 70 kDa protein 2 	649
522	K	heat shock cognate 70 kDa protein 2 	649
529	K	heat shock cognate 70 kDa protein 2 	649
531	K	heat shock cognate 70 kDa protein 2 	649
538	K	heat shock cognate 70 kDa protein 2 	649
539	K	heat shock cognate 70 kDa protein 2 	649
540	K	heat shock cognate 70 kDa protein 2 	649
544	K	heat shock cognate 70 kDa protein 2 	649
559	K	heat shock cognate 70 kDa protein 2 	649
562	K	heat shock cognate 70 kDa protein 2 	649
566	K	heat shock cognate 70 kDa protein 2 	649
572	K	heat shock cognate 70 kDa protein 2 	649
573	K	heat shock cognate 70 kDa protein 2 	649
574	K	heat shock cognate 70 kDa protein 2 	649
600	K	heat shock cognate 70 kDa protein 2 	649
602	K	heat shock cognate 70 kDa protein 2 	649
614	K	heat shock cognate 70 kDa protein 2 	649
643	K	heat shock cognate 70 kDa protein 2 	649
7	K	ribulose-1,5-bisphosphate carboxylase/oxygenase large subunit 	477
13	K	ribulose-1,5-bisphosphate carboxylase/oxygenase large subunit 	477
17	K	ribulose-1,5-bisphosphate carboxylase/oxygenase large subunit 	477
20	K	ribulose-1,5-bisphosphate carboxylase/oxygenase large subunit 	477
31	K	ribulose-1,5-bisphosphate carboxylase/oxygenase large subunit 	477
80	K	ribulose-1,5-bisphosphate carboxylase/oxygenase large subunit 	477
127	K	ribulose-1,5-bisphosphate carboxylase/oxygenase large subunit 	477
145	K	ribulose-1,5-bisphosphate carboxylase/oxygenase large subunit 	477
160	K	ribulose-1,5-bisphosphate carboxylase/oxygenase large subunit 	477
163	K	ribulose-1,5-bisphosphate carboxylase/oxygenase large subunit 	477
174	K	ribulose-1,5-bisphosphate carboxylase/oxygenase large subunit 	477
176	K	ribulose-1,5-bisphosphate carboxylase/oxygenase large subunit 	477
182	K	ribulose-1,5-bisphosphate carboxylase/oxygenase large subunit 	477
200	K	ribulose-1,5-bisphosphate carboxylase/oxygenase large subunit 	477
226	K	ribulose-1,5-bisphosphate carboxylase/oxygenase large subunit 	477
235	K	ribulose-1,5-bisphosphate carboxylase/oxygenase large subunit 	477
251	K	ribulose-1,5-bisphosphate carboxylase/oxygenase large subunit 	477
304	K	ribulose-1,5-bisphosphate carboxylase/oxygenase large subunit 	477
315	K	ribulose-1,5-bisphosphate carboxylase/oxygenase large subunit 	477
333	K	ribulose-1,5-bisphosphate carboxylase/oxygenase large subunit 	477
355	K	ribulose-1,5-bisphosphate carboxylase/oxygenase large subunit 	477
449	K	ribulose-1,5-bisphosphate carboxylase/oxygenase large subunit 	477
462	K	ribulose-1,5-bisphosphate carboxylase/oxygenase large subunit 	477
465	K	ribulose-1,5-bisphosphate carboxylase/oxygenase large subunit 	477
473	K	ribulose-1,5-bisphosphate carboxylase/oxygenase large subunit 	477
44	K	putative Peptidyl-prolyl cis-trans isomerase	426
89	K	putative Peptidyl-prolyl cis-trans isomerase	426
104	K	putative Peptidyl-prolyl cis-trans isomerase	426
111	K	putative Peptidyl-prolyl cis-trans isomerase	426
121	K	putative Peptidyl-prolyl cis-trans isomerase	426
157	K	putative Peptidyl-prolyl cis-trans isomerase	426
167	K	putative Peptidyl-prolyl cis-trans isomerase	426
190	K	putative Peptidyl-prolyl cis-trans isomerase	426
192	K	putative Peptidyl-prolyl cis-trans isomerase	426
224	K	putative Peptidyl-prolyl cis-trans isomerase	426
232	K	putative Peptidyl-prolyl cis-trans isomerase	426
234	K	putative Peptidyl-prolyl cis-trans isomerase	426
236	K	putative Peptidyl-prolyl cis-trans isomerase	426
269	K	putative Peptidyl-prolyl cis-trans isomerase	426
303	K	putative Peptidyl-prolyl cis-trans isomerase	426
317	K	putative Peptidyl-prolyl cis-trans isomerase	426
332	K	putative Peptidyl-prolyl cis-trans isomerase	426
336	K	putative Peptidyl-prolyl cis-trans isomerase	426
366	K	putative Peptidyl-prolyl cis-trans isomerase	426
399	K	putative Peptidyl-prolyl cis-trans isomerase	426
422	K	putative Peptidyl-prolyl cis-trans isomerase	426
17	K	ATP synthase CF1 beta subunit 	498
38	K	ATP synthase CF1 beta subunit 	498
49	K	ATP synthase CF1 beta subunit 	498
56	K	ATP synthase CF1 beta subunit 	498
144	K	ATP synthase CF1 beta subunit 	498
153	K	ATP synthase CF1 beta subunit 	498
166	K	ATP synthase CF1 beta subunit 	498
177	K	ATP synthase CF1 beta subunit 	498
190	K	ATP synthase CF1 beta subunit 	498
216	K	ATP synthase CF1 beta subunit 	498
224	K	ATP synthase CF1 beta subunit 	498
230	K	ATP synthase CF1 beta subunit 	498
264	K	ATP synthase CF1 beta subunit 	498
316	K	ATP synthase CF1 beta subunit 	498
317	K	ATP synthase CF1 beta subunit 	498
358	K	ATP synthase CF1 beta subunit 	498
391	K	ATP synthase CF1 beta subunit 	498
398	K	ATP synthase CF1 beta subunit 	498
425	K	ATP synthase CF1 beta subunit 	498
446	K	ATP synthase CF1 beta subunit 	498
485	K	ATP synthase CF1 beta subunit 	498
494	K	ATP synthase CF1 beta subunit 	498
496	K	ATP synthase CF1 beta subunit 	498
497	K	ATP synthase CF1 beta subunit 	498
14	K	oxygen-evolving complex protein 1	247
20	K	oxygen-evolving complex protein 1	247
41	K	oxygen-evolving complex protein 1	247
44	K	oxygen-evolving complex protein 1	247
48	K	oxygen-evolving complex protein 1	247
49	K	oxygen-evolving complex protein 1	247
60	K	oxygen-evolving complex protein 1	247
66	K	oxygen-evolving complex protein 1	247
74	K	oxygen-evolving complex protein 1	247
76	K	oxygen-evolving complex protein 1	247
101	K	oxygen-evolving complex protein 1	247
105	K	oxygen-evolving complex protein 1	247
130	K	oxygen-evolving complex protein 1	247
137	K	oxygen-evolving complex protein 1	247
159	K	oxygen-evolving complex protein 1	247
186	K	oxygen-evolving complex protein 1	247
190	K	oxygen-evolving complex protein 1	247
205	K	oxygen-evolving complex protein 1	247
207	K	oxygen-evolving complex protein 1	247
230	K	oxygen-evolving complex protein 1	247
233	K	oxygen-evolving complex protein 1	247
236	K	oxygen-evolving complex protein 1	247
2	K	glyceraldehyde-3-phosphate dehydrogenase 	337
4	K	glyceraldehyde-3-phosphate dehydrogenase 	337
47	K	glyceraldehyde-3-phosphate dehydrogenase 	337
56	K	glyceraldehyde-3-phosphate dehydrogenase 	337
61	K	glyceraldehyde-3-phosphate dehydrogenase 	337
63	K	glyceraldehyde-3-phosphate dehydrogenase 	337
66	K	glyceraldehyde-3-phosphate dehydrogenase 	337
73	K	glyceraldehyde-3-phosphate dehydrogenase 	337
106	K	glyceraldehyde-3-phosphate dehydrogenase 	337
108	K	glyceraldehyde-3-phosphate dehydrogenase 	337
114	K	glyceraldehyde-3-phosphate dehydrogenase 	337
118	K	glyceraldehyde-3-phosphate dehydrogenase 	337
119	K	glyceraldehyde-3-phosphate dehydrogenase 	337
127	K	glyceraldehyde-3-phosphate dehydrogenase 	337
140	K	glyceraldehyde-3-phosphate dehydrogenase 	337
163	K	glyceraldehyde-3-phosphate dehydrogenase 	337
187	K	glyceraldehyde-3-phosphate dehydrogenase 	337
195	K	glyceraldehyde-3-phosphate dehydrogenase 	337
216	K	glyceraldehyde-3-phosphate dehydrogenase 	337
220	K	glyceraldehyde-3-phosphate dehydrogenase 	337
228	K	glyceraldehyde-3-phosphate dehydrogenase 	337
252	K	glyceraldehyde-3-phosphate dehydrogenase 	337
260	K	glyceraldehyde-3-phosphate dehydrogenase 	337
264	K	glyceraldehyde-3-phosphate dehydrogenase 	337
270	K	glyceraldehyde-3-phosphate dehydrogenase 	337
272	K	glyceraldehyde-3-phosphate dehydrogenase 	337
299	K	glyceraldehyde-3-phosphate dehydrogenase 	337
310	K	glyceraldehyde-3-phosphate dehydrogenase 	337
334	K	glyceraldehyde-3-phosphate dehydrogenase 	337
50	K	stromal 70 kDa heat shock-related protein	689
70	K	stromal 70 kDa heat shock-related protein	689
91	K	stromal 70 kDa heat shock-related protein	689
102	K	stromal 70 kDa heat shock-related protein	689
117	K	stromal 70 kDa heat shock-related protein	689
123	K	stromal 70 kDa heat shock-related protein	689
132	K	stromal 70 kDa heat shock-related protein	689
147	K	stromal 70 kDa heat shock-related protein	689
155	K	stromal 70 kDa heat shock-related protein	689
169	K	stromal 70 kDa heat shock-related protein	689
176	K	stromal 70 kDa heat shock-related protein	689
181	K	stromal 70 kDa heat shock-related protein	689
184	K	stromal 70 kDa heat shock-related protein	689
202	K	stromal 70 kDa heat shock-related protein	689
230	K	stromal 70 kDa heat shock-related protein	689
231	K	stromal 70 kDa heat shock-related protein	689
276	K	stromal 70 kDa heat shock-related protein	689
287	K	stromal 70 kDa heat shock-related protein	689
296	K	stromal 70 kDa heat shock-related protein	689
298	K	stromal 70 kDa heat shock-related protein	689
310	K	stromal 70 kDa heat shock-related protein	689
312	K	stromal 70 kDa heat shock-related protein	689
336	K	stromal 70 kDa heat shock-related protein	689
346	K	stromal 70 kDa heat shock-related protein	689
370	K	stromal 70 kDa heat shock-related protein	689
374	K	stromal 70 kDa heat shock-related protein	689
396	K	stromal 70 kDa heat shock-related protein	689
397	K	stromal 70 kDa heat shock-related protein	689
401	K	stromal 70 kDa heat shock-related protein	689
452	K	stromal 70 kDa heat shock-related protein	689
464	K	stromal 70 kDa heat shock-related protein	689
494	K	stromal 70 kDa heat shock-related protein	689
517	K	stromal 70 kDa heat shock-related protein	689
533	K	stromal 70 kDa heat shock-related protein	689
537	K	stromal 70 kDa heat shock-related protein	689
538	K	stromal 70 kDa heat shock-related protein	689
551	K	stromal 70 kDa heat shock-related protein	689
556	K	stromal 70 kDa heat shock-related protein	689
563	K	stromal 70 kDa heat shock-related protein	689
566	K	stromal 70 kDa heat shock-related protein	689
569	K	stromal 70 kDa heat shock-related protein	689
571	K	stromal 70 kDa heat shock-related protein	689
578	K	stromal 70 kDa heat shock-related protein	689
590	K	stromal 70 kDa heat shock-related protein	689
593	K	stromal 70 kDa heat shock-related protein	689
598	K	stromal 70 kDa heat shock-related protein	689
604	K	stromal 70 kDa heat shock-related protein	689
606	K	stromal 70 kDa heat shock-related protein	689
610	K	stromal 70 kDa heat shock-related protein	689
615	K	stromal 70 kDa heat shock-related protein	689
627	K	stromal 70 kDa heat shock-related protein	689
671	K	stromal 70 kDa heat shock-related protein	689
