2	K	superoxide dismutase 	152
14	K	superoxide dismutase 	152
37	K	superoxide dismutase 	152
67	K	superoxide dismutase 	152
126	K	superoxide dismutase 	152
133	K	superoxide dismutase 	152
68	K	acidic PR-1 type pathogenesis-related protein PR-1a 	168
77	K	acidic PR-1 type pathogenesis-related protein PR-1a 	168
104	K	acidic PR-1 type pathogenesis-related protein PR-1a 	168
61	K	Prb1 	159
89	K	Prb1 	159
18	K	pr1-like protein 	223
47	K	pr1-like protein 	223
68	K	pr1-like protein 	223
99	K	pr1-like protein 	223
106	K	pr1-like protein 	223
108	K	pr1-like protein 	223
124	K	pr1-like protein 	223
167	K	pr1-like protein 	223
213	K	pr1-like protein 	223
219	K	pr1-like protein 	223
41	K	peroxidase 	314
101	K	peroxidase 	314
172	K	peroxidase 	314
215	K	peroxidase 	314
252	K	peroxidase 	314
291	K	peroxidase 	314
311	K	peroxidase 	314
79	K	aspartic proteinase nepenthesin-1 	394
139	K	aspartic proteinase nepenthesin-1 	394
151	K	aspartic proteinase nepenthesin-1 	394
203	K	aspartic proteinase nepenthesin-1 	394
214	K	aspartic proteinase nepenthesin-1 	394
220	K	aspartic proteinase nepenthesin-1 	394
241	K	aspartic proteinase nepenthesin-1 	394
248	K	aspartic proteinase nepenthesin-1 	394
283	K	aspartic proteinase nepenthesin-1 	394
284	K	aspartic proteinase nepenthesin-1 	394
308	K	aspartic proteinase nepenthesin-1 	394
340	K	aspartic proteinase nepenthesin-1 	394
379	K	aspartic proteinase nepenthesin-1 	394
391	K	aspartic proteinase nepenthesin-1 	394
6	K	fructose-bisphosphate aldolase 3, cytoplasmic 	358
8	K	fructose-bisphosphate aldolase 3, cytoplasmic 	358
13	K	fructose-bisphosphate aldolase 3, cytoplasmic 	358
23	K	fructose-bisphosphate aldolase 3, cytoplasmic 	358
37	K	fructose-bisphosphate aldolase 3, cytoplasmic 	358
81	K	fructose-bisphosphate aldolase 3, cytoplasmic 	358
83	K	fructose-bisphosphate aldolase 3, cytoplasmic 	358
86	K	fructose-bisphosphate aldolase 3, cytoplasmic 	358
93	K	fructose-bisphosphate aldolase 3, cytoplasmic 	358
102	K	fructose-bisphosphate aldolase 3, cytoplasmic 	358
105	K	fructose-bisphosphate aldolase 3, cytoplasmic 	358
115	K	fructose-bisphosphate aldolase 3, cytoplasmic 	358
127	K	fructose-bisphosphate aldolase 3, cytoplasmic 	358
131	K	fructose-bisphosphate aldolase 3, cytoplasmic 	358
141	K	fructose-bisphosphate aldolase 3, cytoplasmic 	358
147	K	fructose-bisphosphate aldolase 3, cytoplasmic 	358
202	K	fructose-bisphosphate aldolase 3, cytoplasmic 	358
209	K	fructose-bisphosphate aldolase 3, cytoplasmic 	358
224	K	fructose-bisphosphate aldolase 3, cytoplasmic 	358
235	K	fructose-bisphosphate aldolase 3, cytoplasmic 	358
236	K	fructose-bisphosphate aldolase 3, cytoplasmic 	358
282	K	fructose-bisphosphate aldolase 3, cytoplasmic 	358
286	K	fructose-bisphosphate aldolase 3, cytoplasmic 	358
287	K	fructose-bisphosphate aldolase 3, cytoplasmic 	358
305	K	fructose-bisphosphate aldolase 3, cytoplasmic 	358
310	K	fructose-bisphosphate aldolase 3, cytoplasmic 	358
316	K	fructose-bisphosphate aldolase 3, cytoplasmic 	358
319	K	fructose-bisphosphate aldolase 3, cytoplasmic 	358
326	K	fructose-bisphosphate aldolase 3, cytoplasmic 	358
353	K	fructose-bisphosphate aldolase 3, cytoplasmic 	358
356	K	fructose-bisphosphate aldolase 3, cytoplasmic 	358
74	K	chitinase 2 	288
96	K	chitinase 2 	288
157	K	chitinase 2 	288
224	K	chitinase 2 	288
230	K	chitinase 2 	288
248	K	chitinase 2 	288
255	K	chitinase 2 	288
268	K	chitinase 2 	288
279	K	chitinase 2 	288
22	K	alpha-L-arabinofuranosidase 1 isoform X3 	658
39	K	alpha-L-arabinofuranosidase 1 isoform X3 	658
150	K	alpha-L-arabinofuranosidase 1 isoform X3 	658
159	K	alpha-L-arabinofuranosidase 1 isoform X3 	658
194	K	alpha-L-arabinofuranosidase 1 isoform X3 	658
198	K	alpha-L-arabinofuranosidase 1 isoform X3 	658
216	K	alpha-L-arabinofuranosidase 1 isoform X3 	658
217	K	alpha-L-arabinofuranosidase 1 isoform X3 	658
234	K	alpha-L-arabinofuranosidase 1 isoform X3 	658
250	K	alpha-L-arabinofuranosidase 1 isoform X3 	658
339	K	alpha-L-arabinofuranosidase 1 isoform X3 	658
372	K	alpha-L-arabinofuranosidase 1 isoform X3 	658
383	K	alpha-L-arabinofuranosidase 1 isoform X3 	658
384	K	alpha-L-arabinofuranosidase 1 isoform X3 	658
392	K	alpha-L-arabinofuranosidase 1 isoform X3 	658
433	K	alpha-L-arabinofuranosidase 1 isoform X3 	658
439	K	alpha-L-arabinofuranosidase 1 isoform X3 	658
451	K	alpha-L-arabinofuranosidase 1 isoform X3 	658
484	K	alpha-L-arabinofuranosidase 1 isoform X3 	658
569	K	alpha-L-arabinofuranosidase 1 isoform X3 	658
617	K	alpha-L-arabinofuranosidase 1 isoform X3 	658
622	K	alpha-L-arabinofuranosidase 1 isoform X3 	658
652	K	alpha-L-arabinofuranosidase 1 isoform X3 	658
42	K	germin-like protein 1-1 	216
49	K	germin-like protein 1-1 	216
63	K	germin-like protein 1-1 	216
134	K	germin-like protein 1-1 	216
138	K	germin-like protein 1-1 	216
198	K	germin-like protein 1-1 	216
211	K	germin-like protein 1-1 	216
213	K	germin-like protein 1-1 	216
215	K	germin-like protein 1-1 	216
107	K	cysteine-rich receptor-like protein kinase 6 	258
123	K	cysteine-rich receptor-like protein kinase 6 	258
130	K	cysteine-rich receptor-like protein kinase 6 	258
176	K	cysteine-rich receptor-like protein kinase 6 	258
11	K	chitinase 2 	340
12	K	chitinase 2 	340
140	K	chitinase 2 	340
173	K	chitinase 2 	340
196	K	chitinase 2 	340
238	K	chitinase 2 	340
251	K	chitinase 2 	340
5	K	peroxidase P7 	363
133	K	peroxidase P7 	363
152	K	peroxidase P7 	363
160	K	peroxidase P7 	363
192	K	peroxidase P7 	363
340	K	peroxidase P7 	363
360	K	peroxidase P7 	363
47	K	peroxidase 1-like 	361
55	K	peroxidase 1-like 	361
89	K	peroxidase 1-like 	361
92	K	peroxidase 1-like 	361
98	K	peroxidase 1-like 	361
101	K	peroxidase 1-like 	361
110	K	peroxidase 1-like 	361
112	K	peroxidase 1-like 	361
139	K	peroxidase 1-like 	361
180	K	peroxidase 1-like 	361
186	K	peroxidase 1-like 	361
199	K	peroxidase 1-like 	361
234	K	peroxidase 1-like 	361
258	K	peroxidase 1-like 	361
280	K	peroxidase 1-like 	361
308	K	peroxidase 1-like 	361
322	K	peroxidase 1-like 	361
5	K	glucan endo-1,3-beta-glucosidase 3 isoform X2 	553
47	K	glucan endo-1,3-beta-glucosidase 3 isoform X2 	553
76	K	glucan endo-1,3-beta-glucosidase 3 isoform X2 	553
84	K	glucan endo-1,3-beta-glucosidase 3 isoform X2 	553
101	K	glucan endo-1,3-beta-glucosidase 3 isoform X2 	553
125	K	glucan endo-1,3-beta-glucosidase 3 isoform X2 	553
155	K	glucan endo-1,3-beta-glucosidase 3 isoform X2 	553
177	K	glucan endo-1,3-beta-glucosidase 3 isoform X2 	553
186	K	glucan endo-1,3-beta-glucosidase 3 isoform X2 	553
233	K	glucan endo-1,3-beta-glucosidase 3 isoform X2 	553
255	K	glucan endo-1,3-beta-glucosidase 3 isoform X2 	553
308	K	glucan endo-1,3-beta-glucosidase 3 isoform X2 	553
325	K	glucan endo-1,3-beta-glucosidase 3 isoform X2 	553
341	K	glucan endo-1,3-beta-glucosidase 3 isoform X2 	553
411	K	glucan endo-1,3-beta-glucosidase 3 isoform X2 	553
434	K	glucan endo-1,3-beta-glucosidase 3 isoform X2 	553
452	K	glucan endo-1,3-beta-glucosidase 3 isoform X2 	553
468	K	glucan endo-1,3-beta-glucosidase 3 isoform X2 	553
505	K	glucan endo-1,3-beta-glucosidase 3 isoform X2 	553
541	K	glucan endo-1,3-beta-glucosidase 3 isoform X2 	553
2	K	superoxide dismutase 	152
14	K	superoxide dismutase 	152
37	K	superoxide dismutase 	152
67	K	superoxide dismutase 	152
126	K	superoxide dismutase 	152
133	K	superoxide dismutase 	152
37	K	glucan endo-1,3-beta-glucosidase 7 	577
50	K	glucan endo-1,3-beta-glucosidase 7 	577
76	K	glucan endo-1,3-beta-glucosidase 7 	577
155	K	glucan endo-1,3-beta-glucosidase 7 	577
166	K	glucan endo-1,3-beta-glucosidase 7 	577
177	K	glucan endo-1,3-beta-glucosidase 7 	577
186	K	glucan endo-1,3-beta-glucosidase 7 	577
193	K	glucan endo-1,3-beta-glucosidase 7 	577
215	K	glucan endo-1,3-beta-glucosidase 7 	577
341	K	glucan endo-1,3-beta-glucosidase 7 	577
359	K	glucan endo-1,3-beta-glucosidase 7 	577
377	K	glucan endo-1,3-beta-glucosidase 7 	577
436	K	glucan endo-1,3-beta-glucosidase 7 	577
454	K	glucan endo-1,3-beta-glucosidase 7 	577
470	K	glucan endo-1,3-beta-glucosidase 7 	577
507	K	glucan endo-1,3-beta-glucosidase 7 	577
543	K	glucan endo-1,3-beta-glucosidase 7 	577
