TF	Site	Root_genes	Root_calls	Shoot_genes	Shoot_calls
AP2/B3	25	2	2	0	0
AP2/B3	23	2	4	0	0
AP2/B3	263	1	1	0	0
AP2/B3	261	1	2	0	0
AP2/B3	47	1	1	0	0
AP2/B3	131	1	1	0	0
AP2/B3	129	1	2	0	0
AP2/B3	296	1	2	0	0
AP2/B3	21	1	2	0	0
AP2/B3	408	1	1	0	0
AP2/B3	406	1	2	0	0
AP2/B3	197	1	1	0	0
AP2/B3	413	1	2	1	1
AP2/B3	174	1	2	0	0
AP2/B3	187	1	2	0	0
AP2/B3	168	1	2	0	0
AP2/B3	319	0	0	1	2
AP2/B3	19	0	0	1	1
AP2/B3	17	0	0	1	2
AP2/B3	82	0	0	1	2
AP2/B3	57	0	0	1	1
AP2/B3	194	0	0	2	3
AP2/B3	44	0	0	1	1
AP2/B3	236	0	0	1	1
AP2/B3	234	0	0	1	2
AP2/B3	352	0	0	1	2
AP2/B3	73	0	0	1	1
AP2/B3	353	0	0	1	1
AP2/B3	351	0	0	1	2
AP2/B3	192	0	0	1	2
AP2/B3	411	0	0	1	2
AP2/B3	304	0	0	1	2
AT-Hook	393	1	1	0	0
AT-Hook	199	1	1	3	4
AT-Hook	200	2	5	2	2
AT-Hook	203	1	1	1	1
AT-Hook	142	2	2	0	0
AT-Hook	470	1	1	0	0
AT-Hook	339	1	2	0	0
AT-Hook	344	1	1	0	0
AT-Hook	434	1	2	0	0
AT-Hook	218	1	1	0	0
AT-Hook	219	2	2	0	0
AT-Hook	21	1	1	0	0
AT-Hook	141	1	1	0	0
AT-Hook	41	1	1	0	0
AT-Hook	224	1	1	0	0
AT-Hook	341	1	1	0	0
AT-Hook	469	1	1	0	0
AT-Hook	43	1	1	0	0
AT-Hook	159	1	1	0	0
AT-Hook	146	2	3	0	0
AT-Hook	143	1	1	0	0
AT-Hook	9	3	3	1	1
AT-Hook	90	1	1	1	1
AT-Hook	289	1	1	0	0
AT-Hook	116	1	1	0	0
AT-Hook	50	1	1	2	2
AT-Hook	232	1	1	0	0
AT-Hook	14	2	3	1	1
AT-Hook	239	1	1	1	1
AT-Hook	300	1	2	0	0
AT-Hook	37	1	2	0	0
AT-Hook	292	1	1	0	0
AT-Hook	303	2	2	0	0
AT-Hook	324	1	1	1	1
AT-Hook	328	1	1	0	0
AT-Hook	330	2	2	0	0
AT-Hook	128	2	2	1	1
AT-Hook	153	1	1	0	0
AT-Hook	250	1	1	1	1
AT-Hook	270	1	1	0	0
AT-Hook	415	1	1	1	1
AT-Hook	331	2	2	0	0
AT-Hook	327	1	1	0	0
AT-Hook	323	1	1	0	0
AT-Hook	16	1	1	1	1
AT-Hook	23	1	1	0	0
AT-Hook	468	1	1	0	0
AT-Hook	42	1	1	0	0
AT-Hook	260	1	1	0	0
AT-Hook	7	1	1	3	6
AT-Hook	15	2	5	2	4
AT-Hook	133	1	1	1	1
AT-Hook	135	1	1	0	0
AT-Hook	8	2	3	1	1
AT-Hook	134	1	2	1	1
AT-Hook	261	1	1	0	0
AT-Hook	186	1	1	0	0
AT-Hook	209	1	1	0	0
AT-Hook	29	1	1	0	0
AT-Hook	60	1	1	0	0
AT-Hook	124	1	1	0	0
AT-Hook	179	1	1	1	2
AT-Hook	125	1	1	0	0
AT-Hook	53	1	1	0	0
AT-Hook	57	1	1	0	0
AT-Hook	108	1	1	0	0
AT-Hook	182	2	2	1	2
AT-Hook	54	1	1	0	0
AT-Hook	69	1	1	0	0
AT-Hook	287	1	1	1	1
AT-Hook	404	1	1	0	0
AT-Hook	170	1	1	0	0
AT-Hook	242	1	1	1	1
AT-Hook	243	1	1	1	1
AT-Hook	284	1	1	0	0
AT-Hook	325	1	1	2	3
AT-Hook	33	1	2	2	3
AT-Hook	226	1	1	1	1
AT-Hook	402	1	1	0	0
AT-Hook	406	1	1	0	0
AT-Hook	183	1	1	1	1
AT-Hook	304	1	1	0	0
AT-Hook	403	1	1	0	0
AT-Hook	46	1	1	0	0
AT-Hook	215	1	1	1	1
AT-Hook	13	1	1	0	0
AT-Hook	294	1	1	0	0
AT-Hook	379	1	2	0	0
AT-Hook	216	1	1	0	0
AT-Hook	247	1	1	1	1
AT-Hook	306	1	1	0	0
AT-Hook	387	1	1	0	0
AT-Hook	249	1	1	1	1
AT-Hook	308	1	1	0	0
AT-Hook	390	1	1	0	0
AT-Hook	392	1	1	0	0
AT-Hook	51	1	1	2	2
AT-Hook	321	1	1	1	1
AT-Hook	369	1	1	0	0
AT-Hook	336	1	1	0	0
AT-Hook	465	1	1	1	1
AT-Hook	353	1	1	0	0
AT-Hook	446	1	1	0	0
AT-Hook	373	0	0	1	1
AT-Hook	374	0	0	1	1
AT-Hook	184	0	0	1	1
AT-Hook	32	0	0	1	1
AT-Hook	18	0	0	1	1
AT-Hook	231	0	0	1	1
AT-Hook	350	0	0	2	2
AT-Hook	83	0	0	1	1
AT-Hook	105	0	0	2	3
AT-Hook	204	0	0	1	1
AT-Hook	416	0	0	1	1
AT-Hook	6	0	0	1	2
AT-Hook	10	0	0	2	3
AT-Hook	156	0	0	2	2
AT-Hook	127	0	0	1	1
AT-Hook	138	0	0	1	1
AT-Hook	466	0	0	1	1
AT-Hook	5	0	0	1	1
AT-Hook	113	0	0	1	1
AT-Hook	144	0	0	1	2
AT-Hook	155	0	0	1	1
AT-Hook	419	0	0	1	1
AT-Hook	236	0	0	1	2
AT-Hook	12	0	0	1	1
AT-Hook	268	0	0	2	2
AT-Hook	414	0	0	1	1
AT-Hook	487	0	0	1	1
AT-Hook	114	0	0	1	1
AT-Hook	162	0	0	1	1
AT-Hook	157	0	0	2	2
AT-Hook	257	0	0	1	1
AT-Hook	266	0	0	1	1
AT-Hook	421	0	0	1	1
AT-Hook	296	0	0	1	1
AT-Hook	52	0	0	2	2
AT-Hook	27	0	0	2	2
AT-Hook	34	0	0	1	1
AT-Hook	271	0	0	1	1
AT-Hook	201	0	0	1	1
AT-Hook	263	0	0	1	1
AT-Hook	164	0	0	3	4
AT-Hook	195	0	0	1	2
AT-Hook	248	0	0	1	1
AT-Hook	166	0	0	1	1
AT-Hook	197	0	0	1	1
AT-Hook	362	0	0	1	1
AT-Hook	196	0	0	1	4
AT-Hook	326	0	0	1	4
AT-Hook	363	0	0	1	2
AT-Hook	382	0	0	1	1
AT-Hook	198	0	0	1	1
AT-Hook	187	0	0	1	1
AT-Hook	211	0	0	1	1
AT-Hook	313	0	0	1	1
AT-Hook	177	0	0	1	2
AT-Hook	474	0	0	1	1
AT-Hook	178	0	0	2	2
AT-Hook	169	0	0	1	1
AT-Hook	185	0	0	1	1
AT-Hook	245	0	0	1	1
AT-Hook	180	0	0	1	1
AT-Hook	342	0	0	1	1
AT-Hook	343	0	0	1	1
AT-Hook	181	0	0	1	1
AT-Hook	290	0	0	1	1
AT-Hook	101	0	0	2	2
AT-Hook	11	0	0	1	2
AT-Hook	299	0	0	1	1
AT-Hook	319	0	0	1	1
AT-Hook	165	0	0	1	1
AT-Hook	301	0	0	1	1
AT-Hook	409	0	0	1	1
AT-Hook	76	0	0	1	1
AT-Hook	77	0	0	1	1
AT-Hook	28	0	0	1	1
AT-Hook	48	0	0	1	1
AT-Hook	47	0	0	1	1
AT-Hook	191	0	0	1	1
AT-Hook	357	0	0	1	1
AT-Hook	364	0	0	1	1
AT-Hook	64	0	0	1	1
AT-Hook	281	0	0	1	1
AT-Hook	3	0	0	1	1
AT-Hook	66	0	0	1	1
AT-Hook	109	0	0	1	1
AT-Hook	150	0	0	1	1
AT-Hook	280	0	0	1	1
AT-Hook	62	0	0	1	1
AT-Hook	207	0	0	1	1
AT-Hook	228	0	0	1	1
AT-Hook	160	0	0	1	1
AT-Hook	70	0	0	1	1
AT-Hook	123	0	0	2	2
AT-Hook	71	0	0	1	1
AT-Hook	246	0	0	1	1
AT-Hook	279	0	0	1	1
AT-Hook	102	0	0	1	1
AT-Hook	122	0	0	1	1
AT-Hook	79	0	0	1	1
AT-Hook	78	0	0	1	1
AT-Hook	94	0	0	1	1
bHLH	425	1	25	0	0
bHLH	426	1	4	0	0
bHLH	424	1	22	0	0
bHLH	422	1	2	0	0
bHLH	423	1	2	0	0
bHLH	419	1	1	0	0
bHLH	420	1	3	0	0
bHLH	421	1	1	0	0
bHLH	175	1	2	0	0
bHLH	173	2	4	0	0
bHLH	165	1	1	0	0
bHLH	174	1	1	0	0
bHLH	267	1	1	0	0
bHLH	11	1	1	0	0
bHLH	390	1	1	0	0
bHLH	398	1	1	0	0
bHLH	248	1	1	1	3
bHLH	51	1	1	0	0
bHLH	74	3	4	0	0
bHLH	78	3	25	0	0
bHLH	286	2	24	0	0
bHLH	287	1	4	0	0
bHLH	134	2	2	0	0
bHLH	285	1	22	0	0
bHLH	283	1	2	0	0
bHLH	284	1	2	0	0
bHLH	362	1	1	1	1
bHLH	280	1	1	0	0
bHLH	281	1	3	0	0
bHLH	282	1	1	0	0
bHLH	83	1	2	0	0
bHLH	20	1	2	0	0
bHLH	26	1	1	0	0
bHLH	179	1	1	0	0
bHLH	304	1	1	0	0
bHLH	303	1	1	0	0
bHLH	79	2	24	0	0
bHLH	329	1	1	1	22
bHLH	411	1	1	0	0
bHLH	18	1	23	0	0
bHLH	19	1	3	0	0
bHLH	17	1	24	0	0
bHLH	15	1	2	0	0
bHLH	40	1	2	0	0
bHLH	16	1	2	0	0
bHLH	30	1	1	0	0
bHLH	41	1	2	0	0
bHLH	262	1	2	1	1
bHLH	299	1	1	0	0
bHLH	335	1	1	1	1
bHLH	380	1	1	0	0
bHLH	12	1	1	0	0
bHLH	13	1	2	0	0
bHLH	80	1	4	0	0
bHLH	68	1	1	0	0
bHLH	76	1	2	0	0
bHLH	77	1	1	0	0
bHLH	443	1	1	0	0
bHLH	73	1	1	0	0
bHLH	464	1	24	0	0
bHLH	465	1	4	0	0
bHLH	463	1	22	0	0
bHLH	461	1	2	0	0
bHLH	462	1	1	0	0
bHLH	314	1	1	0	0
bHLH	458	1	1	2	7
bHLH	459	1	2	0	0
bHLH	99	1	1	0	0
bHLH	326	1	1	1	2
bHLH	327	1	2	1	1
bHLH	250	1	1	0	0
bHLH	416	1	1	0	0
bHLH	460	1	1	0	0
bHLH	6	1	2	0	0
bHLH	338	1	1	0	0
bHLH	2	1	1	0	0
bHLH	368	1	1	0	0
bHLH	29	1	1	0	0
bHLH	204	1	2	0	0
bHLH	212	1	2	0	0
bHLH	86	1	1	1	2
bHLH	92	1	1	0	0
bHLH	355	1	1	0	0
bHLH	382	0	0	1	1
bHLH	381	0	0	1	1
bHLH	61	0	0	1	3
bHLH	87	0	0	1	1
bHLH	376	0	0	1	2
bHLH	37	0	0	1	1
bHLH	471	0	0	1	2
bHLH	361	0	0	1	1
bHLH	317	0	0	1	1
bHLH	311	0	0	1	1
bHLH	160	0	0	1	4
bHLH	101	0	0	1	1
bHLH	348	0	0	1	2
bHLH	354	0	0	1	1
bHLH	374	0	0	1	2
bHLH	106	0	0	1	1
bHLH	350	0	0	1	1
bHLH	220	0	0	1	1
bHLH	289	0	0	1	1
bHLH	157	0	0	1	2
bHLH	156	0	0	1	1
bHLH	260	0	0	1	1
bHLH	366	0	0	1	1
bHLH	353	0	0	1	1
bHLH	359	0	0	1	1
bHLH	243	0	0	1	1
bHLH	274	0	0	1	1
bHLH	318	0	0	1	2
bHLH	170	0	0	1	1
bHLH	216	0	0	1	2
bHLH	307	0	0	1	1
bHLH	57	0	0	1	1
bHLH	249	0	0	1	1
bHLH	247	0	0	1	3
bHLH	369	0	0	1	2
bHLH	476	0	0	1	1
bHLH	28	0	0	1	1
bHLH	63	0	0	1	2
bHLH	330	0	0	1	4
bHLH	328	0	0	1	24
bHLH	319	0	0	1	2
bHLH	323	0	0	1	1
bHLH	324	0	0	1	3
bHLH	325	0	0	1	1
bHLH	269	0	0	1	1
bHLH	436	0	0	1	1
bHLH	263	0	0	1	1
bZIP	424	2	8	0	0
bZIP	425	2	15	0	0
bZIP	421	1	3	0	0
bZIP	423	1	8	0	0
bZIP	91	1	1	0	0
bZIP	417	1	1	0	0
bZIP	416	1	1	1	1
bZIP	244	1	1	0	0
bZIP	248	2	4	1	6
bZIP	246	1	1	0	0
bZIP	247	2	2	1	2
bZIP	76	1	1	0	0
bZIP	51	1	1	0	0
bZIP	75	2	4	0	0
bZIP	136	1	2	0	0
bZIP	285	1	7	0	0
bZIP	282	1	3	0	0
bZIP	284	1	5	0	0
bZIP	132	1	1	0	0
bZIP	126	1	6	0	0
bZIP	230	1	1	0	0
bZIP	41	2	4	0	0
bZIP	85	2	2	0	0
bZIP	133	1	2	0	0
bZIP	286	1	7	0	0
bZIP	127	1	2	0	0
bZIP	15	1	1	0	0
bZIP	82	1	3	0	0
bZIP	426	2	7	1	3
bZIP	81	2	4	0	0
bZIP	71	2	3	0	0
bZIP	93	1	1	0	0
bZIP	179	1	1	0	0
bZIP	268	1	1	1	6
bZIP	83	1	2	0	0
bZIP	366	1	3	1	3
bZIP	404	1	1	1	1
bZIP	223	1	1	0	0
bZIP	14	1	3	0	0
bZIP	17	1	5	0	0
bZIP	40	1	1	0	0
bZIP	16	1	2	0	0
bZIP	18	1	5	0	0
bZIP	9	1	1	0	0
bZIP	67	1	3	0	0
bZIP	89	2	9	0	0
bZIP	78	1	5	0	0
bZIP	86	1	1	0	0
bZIP	77	1	3	0	0
bZIP	68	1	9	1	1
bZIP	22	1	1	0	0
bZIP	90	2	5	0	0
bZIP	66	1	4	0	0
bZIP	88	2	5	0	0
bZIP	24	1	1	0	0
bZIP	79	1	5	0	0
bZIP	432	1	1	0	0
bZIP	69	1	2	0	0
bZIP	70	2	7	0	0
bZIP	59	1	1	0	0
bZIP	61	1	1	1	1
bZIP	95	1	1	0	0
bZIP	460	1	1	0	0
bZIP	463	1	5	0	0
bZIP	462	1	4	0	0
bZIP	486	1	1	0	0
bZIP	415	1	1	0	0
bZIP	464	1	6	0	0
bZIP	96	1	1	0	0
bZIP	131	1	1	1	2
bZIP	87	1	1	0	0
bZIP	143	1	1	0	0
bZIP	194	1	1	0	0
bZIP	392	1	2	0	0
bZIP	303	1	2	0	0
bZIP	5	2	8	0	0
bZIP	296	1	1	0	0
bZIP	171	1	1	0	0
bZIP	210	1	1	0	0
bZIP	405	1	1	0	0
bZIP	6	2	3	0	0
bZIP	4	2	5	0	0
bZIP	7	1	1	0	0
bZIP	28	1	2	1	1
bZIP	103	1	1	1	1
bZIP	243	1	1	0	0
bZIP	258	1	1	1	3
bZIP	291	1	2	0	0
bZIP	175	1	1	0	0
bZIP	188	1	2	0	0
bZIP	177	1	1	0	0
bZIP	161	1	2	0	0
bZIP	340	0	0	2	2
bZIP	478	0	0	1	1
bZIP	381	0	0	1	6
bZIP	380	0	0	1	2
bZIP	339	0	0	1	7
bZIP	379	0	0	1	2
bZIP	368	0	0	1	1
bZIP	338	0	0	1	2
bZIP	378	0	0	1	1
bZIP	341	0	0	1	1
bZIP	413	0	0	1	1
bZIP	412	0	0	1	1
bZIP	383	0	0	1	1
bZIP	385	0	0	1	1
bZIP	414	0	0	1	2
bZIP	471	0	0	2	8
bZIP	470	0	0	1	4
bZIP	31	0	0	1	1
bZIP	469	0	0	1	4
bZIP	48	0	0	1	2
bZIP	316	0	0	1	7
bZIP	314	0	0	1	7
bZIP	238	0	0	1	1
bZIP	315	0	0	1	2
bZIP	237	0	0	1	1
bZIP	313	0	0	1	2
bZIP	159	0	0	1	3
bZIP	160	0	0	1	3
bZIP	158	0	0	1	4
bZIP	350	0	0	1	2
bZIP	281	0	0	1	4
bZIP	99	0	0	1	1
bZIP	290	0	0	1	1
bZIP	3	0	0	1	1
bZIP	37	0	0	1	1
bZIP	370	0	0	1	1
bZIP	369	0	0	1	1
bZIP	259	0	0	1	7
bZIP	365	0	0	1	4
bZIP	362	0	0	1	1
bZIP	257	0	0	1	8
bZIP	364	0	0	1	4
bZIP	256	0	0	1	2
bZIP	357	0	0	1	1
bZIP	149	0	0	1	2
bZIP	294	0	0	1	2
bZIP	46	0	0	1	1
bZIP	408	0	0	1	1
bZIP	117	0	0	1	1
bZIP	457	0	0	1	4
bZIP	55	0	0	1	1
bZIP	458	0	0	1	3
bZIP	456	0	0	1	4
bZIP	56	0	0	1	2
bZIP	449	0	0	1	1
bZIP	62	0	0	1	1
bZIP	63	0	0	1	2
bZIP	60	0	0	1	1
bZIP	329	0	0	1	10
bZIP	325	0	0	1	3
bZIP	328	0	0	1	5
bZIP	327	0	0	1	6
bZIP	320	0	0	1	1
bZIP	267	0	0	1	2
bZIP	266	0	0	1	3
bZIP	436	0	0	1	1
bZIP	265	0	0	1	1
bZIP	264	0	0	1	1
C2H2	93	1	2	0	0
C2H2	90	1	1	0	0
C2H2	65	1	4	0	0
C2H2	210	1	1	0	0
C2H2	197	1	2	0	0
C2H2	456	1	2	0	0
C2H2	453	1	1	0	0
C2H2	63	1	1	0	0
C2H2	73	1	2	0	0
C2H2	70	1	1	0	0
C2H2	29	1	4	0	0
C2H2	128	1	4	0	0
C2H2	481	1	2	0	0
C2H2	345	1	4	0	0
C2H2	86	1	2	0	0
C2H2	488	1	2	0	0
C2H2	83	1	1	0	0
C2H2	113	1	1	0	0
C2H2	105	1	2	0	0
C2H2	28	1	2	0	0
C2H2	293	1	2	0	0
C2H2	340	0	0	1	2
C2H2	406	0	0	1	2
C2H2	462	0	0	1	2
C2H2	403	0	0	1	1
C2H2	378	0	0	1	2
C2H2	423	0	0	1	2
C2H2	189	0	0	1	2
C2H2	198	0	0	1	2
C2H2	436	0	0	1	2
C2H2	195	0	0	1	1
C2H2	433	0	0	1	1
C2H2	474	0	0	1	2
C2H2	471	0	0	1	1
C2H2	181	0	0	1	2
C2H2	285	0	0	1	2
C2H2	282	0	0	1	1
C2H2	237	0	0	1	1
C2H2	284	0	0	1	2
C2H2	410	0	0	1	2
C2H2	254	0	0	1	2
C2H2	1	0	0	1	2
C2H2	14	0	0	1	2
C2H2	36	0	0	1	2
C2H2	45	0	0	1	2
C2H2	11	0	0	1	1
C2H2	33	0	0	1	1
C2H2	42	0	0	1	1
TCR	288	1	1	0	0
TCR	13	1	2	0	0
TCR	12	1	2	0	0
TCR	150	1	2	1	1
TCR	48	1	1	0	0
TCR	209	1	1	0	0
TCR	139	1	2	0	0
TCR	138	1	2	0	0
TCR	242	1	1	0	0
TCR	317	1	2	0	0
TCR	349	1	2	0	0
TCR	316	1	2	0	0
TCR	52	0	0	1	2
TCR	51	0	0	1	2
TCR	359	0	0	1	2
TCR	145	0	0	1	1
TCR	46	0	0	1	1
TCR	263	0	0	1	1
TCR	231	0	0	1	1
TCR	468	0	0	1	2
TCR	289	0	0	1	1
TCR	162	0	0	1	2
TCR	308	0	0	1	1
GATA	9	1	1	0	0
GATA	314	1	3	0	0
GATA	313	1	2	0	0
GATA	315	1	1	0	0
GATA	73	1	1	0	0
GATA	74	1	1	0	0
GATA	81	1	1	0	0
GATA	82	1	1	0	0
GATA	481	2	4	0	0
GATA	480	2	2	0	0
GATA	484	1	1	1	5
GATA	486	2	4	0	0
GATA	485	2	3	1	2
GATA	332	1	1	0	0
GATA	333	1	1	0	0
GATA	475	2	3	0	0
GATA	479	1	1	0	0
GATA	476	1	1	0	0
GATA	235	1	1	0	0
GATA	389	1	3	0	0
GATA	198	1	2	0	0
GATA	437	2	3	0	0
GATA	438	1	1	0	0
GATA	197	1	4	0	0
GATA	128	1	1	0	0
GATA	130	1	2	1	2
GATA	134	1	1	0	0
GATA	129	1	1	1	1
GATA	68	1	1	0	0
GATA	70	1	2	0	0
GATA	69	1	1	0	0
GATA	474	1	4	0	0
GATA	473	1	1	0	0
GATA	79	1	1	0	0
GATA	372	1	3	0	0
GATA	371	1	4	1	1
GATA	381	1	1	0	0
GATA	136	1	1	0	0
GATA	137	1	1	1	1
GATA	174	1	4	0	0
GATA	442	1	2	0	0
GATA	175	1	2	0	0
GATA	443	1	1	0	0
GATA	428	1	1	0	0
GATA	429	1	1	0	0
GATA	427	1	1	0	0
GATA	431	1	1	0	0
GATA	433	1	2	0	0
GATA	435	1	1	1	3
GATA	439	1	1	0	0
GATA	441	1	2	0	0
GATA	445	1	1	0	0
GATA	432	1	1	0	0
GATA	436	1	1	1	1
GATA	440	1	1	0	0
GATA	255	1	2	0	0
GATA	256	1	2	0	0
GATA	254	1	1	0	0
GATA	19	1	1	0	0
GATA	21	1	2	0	0
GATA	25	1	2	0	0
GATA	20	1	1	0	0
GATA	471	1	7	0	0
GATA	470	1	8	0	0
GATA	469	1	2	0	0
GATA	90	1	1	1	1
GATA	94	1	1	0	0
GATA	96	1	2	0	0
GATA	95	1	1	0	0
GATA	206	0	0	1	6
GATA	275	0	0	1	2
GATA	205	0	0	1	8
GATA	204	0	0	1	2
GATA	274	0	0	1	1
GATA	209	0	0	1	1
GATA	29	0	0	1	1
GATA	28	0	0	1	1
GATA	75	0	0	1	1
GATA	385	0	0	1	1
GATA	386	0	0	1	1
GATA	41	0	0	1	1
GATA	334	0	0	1	3
GATA	138	0	0	1	3
GATA	123	0	0	1	1
GATA	139	0	0	1	1
GATA	14	0	0	1	2
GATA	13	0	0	1	2
GATA	12	0	0	1	2
GATA	297	0	0	1	1
GATA	298	0	0	1	1
GATA	182	0	0	1	6
GATA	181	0	0	1	8
GATA	180	0	0	1	2
GATA	127	0	0	1	1
GATA	288	0	0	1	1
GATA	289	0	0	1	1
GATA	370	0	0	1	1
GATA	189	0	0	1	3
GATA	190	0	0	1	1
GATA	188	0	0	1	1
GATA	415	0	0	1	1
GATA	107	0	0	1	7
GATA	91	0	0	1	1
GATA	106	0	0	1	8
GATA	105	0	0	1	2
GATA	131	0	0	1	1
GATA	325	0	0	1	1
GATA	483	0	0	1	1
Dof	315	1	1	0	0
Dof	176	1	1	0	0
Dof	471	1	1	0	0
Dof	211	0	0	1	1
Dof	42	0	0	1	1
Dof	124	0	0	1	1
Dof	107	0	0	1	1
HD-ZIP	227	1	1	0	0
HD-ZIP	229	1	2	0	0
HD-ZIP	86	1	2	1	1
HD-ZIP	110	1	2	0	0
HD-ZIP	292	1	1	0	0
HD-ZIP	300	1	1	0	0
HD-ZIP	350	1	1	1	1
HD-ZIP	282	1	1	1	2
HD-ZIP	84	1	1	1	2
HD-ZIP	108	1	1	0	0
HD-ZIP	251	1	2	0	0
HD-ZIP	21	1	1	0	0
HD-ZIP	205	1	1	0	0
HD-ZIP	444	2	3	0	0
HD-ZIP	204	1	1	0	0
HD-ZIP	443	3	5	0	0
HD-ZIP	439	1	1	1	1
HD-ZIP	441	2	2	0	0
HD-ZIP	440	1	1	1	1
HD-ZIP	321	2	2	0	0
HD-ZIP	318	3	4	0	0
HD-ZIP	320	1	1	0	0
HD-ZIP	322	1	1	0	0
HD-ZIP	54	1	1	0	0
HD-ZIP	56	1	2	0	0
HD-ZIP	287	1	1	0	0
HD-ZIP	465	1	3	1	2
HD-ZIP	463	1	1	1	1
HD-ZIP	466	1	1	1	2
HD-ZIP	32	1	1	0	0
HD-ZIP	330	2	4	0	0
HD-ZIP	152	1	1	0	0
HD-ZIP	432	1	1	0	0
HD-ZIP	31	1	1	1	2
HD-ZIP	264	1	1	0	0
HD-ZIP	263	1	1	0	0
HD-ZIP	261	1	1	0	0
HD-ZIP	260	1	1	0	0
HD-ZIP	94	1	1	1	1
HD-ZIP	129	1	1	1	1
HD-ZIP	214	1	1	1	1
HD-ZIP	212	1	1	0	0
HD-ZIP	211	1	1	1	2
HD-ZIP	329	1	1	0	0
HD-ZIP	331	1	1	0	0
HD-ZIP	217	1	1	0	0
HD-ZIP	393	1	1	0	0
HD-ZIP	218	1	1	0	0
HD-ZIP	392	1	1	0	0
HD-ZIP	216	1	1	1	1
HD-ZIP	390	1	1	0	0
HD-ZIP	215	1	1	1	1
HD-ZIP	389	1	1	0	0
HD-ZIP	117	1	1	0	0
HD-ZIP	118	1	1	0	0
HD-ZIP	121	1	1	0	0
HD-ZIP	122	1	1	0	0
HD-ZIP	133	1	1	0	0
HD-ZIP	134	1	1	0	0
HD-ZIP	137	1	1	0	0
HD-ZIP	138	1	1	1	1
HD-ZIP	141	1	1	1	1
HD-ZIP	301	1	1	0	0
HD-ZIP	302	1	1	1	1
HD-ZIP	127	1	1	0	0
HD-ZIP	126	1	1	0	0
HD-ZIP	124	1	1	0	0
HD-ZIP	123	1	1	0	0
HD-ZIP	415	1	1	0	0
HD-ZIP	456	1	1	1	1
HD-ZIP	319	1	1	0	0
HD-ZIP	43	1	1	0	0
HD-ZIP	44	1	1	0	0
HD-ZIP	153	1	1	0	0
HD-ZIP	24	0	0	1	2
HD-ZIP	148	0	0	1	2
HD-ZIP	267	0	0	1	2
HD-ZIP	2	0	0	1	1
HD-ZIP	23	0	0	1	1
HD-ZIP	265	0	0	1	1
HD-ZIP	95	0	0	2	2
HD-ZIP	458	0	0	2	3
HD-ZIP	140	0	0	1	1
HD-ZIP	304	0	0	1	3
HD-ZIP	305	0	0	1	1
HD-ZIP	139	0	0	1	1
HD-ZIP	303	0	0	1	1
HD-ZIP	454	0	0	1	1
HD-ZIP	132	0	0	1	1
HD-ZIP	131	0	0	1	1
HD-ZIP	128	0	0	1	1
HD-ZIP	85	0	0	1	5
HD-ZIP	83	0	0	1	1
HD-ZIP	341	0	0	2	3
HD-ZIP	35	0	0	1	1
HD-ZIP	37	0	0	1	2
HD-ZIP	438	0	0	1	1
HD-ZIP	340	0	0	1	2
HD-ZIP	336	0	0	2	2
HD-ZIP	461	0	0	1	1
HD-ZIP	338	0	0	1	1
HD-ZIP	337	0	0	1	1
HD-ZIP	462	0	0	1	1
HD-ZIP	160	0	0	1	1
HD-ZIP	368	0	0	1	1
HD-ZIP	382	0	0	1	1
HD-ZIP	99	0	0	1	2
HD-ZIP	58	0	0	1	1
HD-ZIP	30	0	0	1	1
HD-ZIP	209	0	0	1	2
HD-ZIP	208	0	0	1	1
HD-ZIP	49	0	0	1	2
HD-ZIP	51	0	0	1	2
HD-ZIP	48	0	0	1	1
WOX	229	1	2	0	0
WOX	86	1	2	0	0
WOX	110	1	2	0	0
WOX	56	1	2	0	0
WOX	465	1	1	0	0
WOX	443	1	1	0	0
WOX	267	0	0	1	1
WOX	37	0	0	1	2
WOX	458	0	0	1	2
WOX	211	0	0	1	1
WOX	51	0	0	1	1
ZF-HD	176	1	1	0	0
ZF-HD	211	1	1	0	0
ZF-HD	295	1	1	0	0
ZF-HD	353	1	1	0	0
ZF-HD	418	1	1	0	0
ZF-HD	19	1	1	0	0
ZF-HD	252	1	1	0	0
ZF-HD	275	1	1	0	0
ZF-HD	406	1	1	0	0
ZF-HD	282	1	1	0	0
ZF-HD	319	1	1	0	0
ZF-HD	475	1	1	0	0
ZF-HD	274	1	1	0	0
ZF-HD	150	1	1	0	0
ZF-HD	435	1	1	0	0
ZF-HD	321	1	1	0	0
ZF-HD	101	1	1	0	0
ZF-HD	144	1	1	0	0
ZF-HD	323	1	1	0	0
ZF-HD	156	1	1	0	0
ZF-HD	26	0	0	1	1
ZF-HD	149	0	0	1	1
ZF-HD	455	0	0	1	1
ZF-HD	488	0	0	1	1
ZF-HD	110	0	0	1	1
ZF-HD	159	0	0	1	1
ZF-HD	117	0	0	1	1
ZF-HD	433	0	0	1	1
ZF-HD	61	0	0	1	1
ZF-HD	98	0	0	1	1
ZF-HD	11	0	0	1	1
ZF-HD	33	0	0	1	1
ZF-HD	276	0	0	1	1
ZF-HD	86	0	0	1	1
ZF-HD	172	0	0	1	1
ZF-HD	178	0	0	1	1
ZF-HD	5	0	0	1	1
ZF-HD	9	0	0	1	1
ZF-HD	283	0	0	1	1
MADF	95	1	1	0	0
MADF	90	1	2	0	0
MADF	131	1	2	0	0
MADF	202	1	2	0	0
MADF	12	0	0	1	2
MADF	56	0	0	1	2
MADF	344	0	0	1	1
MADF	242	0	0	1	1
MADF	9	0	0	1	1
MADF	71	0	0	1	1
MADF	108	0	0	1	2
Myb/SANT	58	1	3	0	0
Myb/SANT	57	1	4	0	0
Myb/SANT	349	1	1	0	0
Myb/SANT	44	1	1	0	0
Myb/SANT	350	1	1	0	0
Myb/SANT	361	1	1	0	0
Myb/SANT	362	1	1	0	0
Myb/SANT	56	1	1	1	1
Myb/SANT	217	2	2	0	0
Myb/SANT	321	3	3	0	0
Myb/SANT	344	1	3	0	0
Myb/SANT	343	1	3	0	0
Myb/SANT	342	1	1	0	0
Myb/SANT	214	1	1	0	0
Myb/SANT	290	1	1	0	0
Myb/SANT	172	2	2	0	0
Myb/SANT	54	1	1	0	0
Myb/SANT	271	1	2	0	0
Myb/SANT	113	1	3	1	1
Myb/SANT	272	1	3	0	0
Myb/SANT	273	1	2	0	0
Myb/SANT	114	1	1	0	0
Myb/SANT	270	2	2	0	0
Myb/SANT	319	1	1	0	0
Myb/SANT	160	1	1	0	0
Myb/SANT	418	1	1	2	2
Myb/SANT	454	2	4	0	0
Myb/SANT	459	1	2	0	0
Myb/SANT	269	1	3	0	0
Myb/SANT	397	1	1	0	0
Myb/SANT	250	1	1	1	1
Myb/SANT	85	1	1	0	0
Myb/SANT	140	1	3	0	0
Myb/SANT	139	1	4	0	0
Myb/SANT	138	1	1	0	0
Myb/SANT	477	1	3	1	1
Myb/SANT	120	1	2	0	0
Myb/SANT	119	1	2	0	0
Myb/SANT	476	1	4	0	0
Myb/SANT	314	1	9	0	0
Myb/SANT	43	1	1	0	0
Myb/SANT	105	1	1	0	0
Myb/SANT	106	2	2	1	1
Myb/SANT	475	1	1	0	0
Myb/SANT	474	1	1	0	0
Myb/SANT	84	1	1	0	0
Myb/SANT	82	1	10	0	0
Myb/SANT	83	1	1	0	0
Myb/SANT	453	1	1	0	0
Myb/SANT	210	1	1	0	0
Myb/SANT	318	1	1	0	0
Myb/SANT	195	1	1	0	0
Myb/SANT	451	1	1	0	0
Myb/SANT	121	1	1	0	0
Myb/SANT	15	1	2	1	2
Myb/SANT	131	2	2	0	0
Myb/SANT	398	1	3	0	0
Myb/SANT	75	1	1	0	0
Myb/SANT	399	1	1	0	0
Myb/SANT	168	1	1	0	0
Myb/SANT	67	1	2	0	0
Myb/SANT	66	1	2	0	0
Myb/SANT	265	1	2	0	0
Myb/SANT	264	1	1	0	0
Myb/SANT	194	1	2	0	0
Myb/SANT	420	0	0	2	6
Myb/SANT	465	0	0	2	6
Myb/SANT	240	0	0	1	2
Myb/SANT	239	0	0	1	2
Myb/SANT	419	0	0	3	6
Myb/SANT	464	0	0	2	5
Myb/SANT	463	0	0	2	2
Myb/SANT	395	0	0	2	2
Myb/SANT	229	0	0	1	1
Myb/SANT	235	0	0	1	1
Myb/SANT	331	0	0	1	1
Myb/SANT	133	0	0	1	2
Myb/SANT	134	0	0	1	3
Myb/SANT	226	0	0	1	3
Myb/SANT	135	0	0	1	1
Myb/SANT	227	0	0	1	1
Myb/SANT	7	0	0	1	2
Myb/SANT	132	0	0	1	1
Myb/SANT	224	0	0	1	1
Myb/SANT	391	0	0	2	3
Myb/SANT	389	0	0	1	1
Myb/SANT	409	0	0	1	4
Myb/SANT	410	0	0	1	1
Myb/SANT	150	0	0	1	1
Myb/SANT	248	0	0	1	1
Myb/SANT	408	0	0	1	1
Myb/SANT	446	0	0	1	3
Myb/SANT	445	0	0	1	3
Myb/SANT	334	0	0	1	1
Myb/SANT	478	0	0	1	1
Myb/SANT	394	0	0	1	1
Myb/SANT	444	0	0	1	1
Myb/SANT	73	0	0	1	1
Myb/SANT	369	0	0	1	1
Myb/SANT	109	0	0	1	3
Myb/SANT	108	0	0	1	4
Myb/SANT	174	0	0	2	4
Myb/SANT	107	0	0	1	1
Myb/SANT	124	0	0	1	1
Myb/SANT	461	0	0	1	1
Myb/SANT	421	0	0	2	3
Myb/SANT	115	0	0	1	1
Myb/SANT	196	0	0	1	2
Myb/SANT	326	0	0	1	2
Myb/SANT	404	0	0	1	1
Myb/SANT	466	0	0	1	1
Myb/SANT	234	0	0	1	1
Myb/SANT	403	0	0	1	2
Myb/SANT	11	0	0	1	1
Myb/SANT	173	0	0	1	1
Myb/SANT	175	0	0	1	1
Myb/SANT	367	0	0	1	1
Myb/SANT	179	0	0	1	2
Myb/SANT	80	0	0	1	1
Myb/SANT	379	0	0	1	2
Myb/SANT	390	0	0	1	2
Myb/SANT	380	0	0	1	1
Myb/SANT	228	0	0	1	1
Myb/SANT	165	0	0	1	1
Myb/SANT	163	0	0	1	1
Myb/SANT	169	0	0	1	1
Myb/SANT	425	0	0	1	3
Myb/SANT	438	0	0	1	3
Myb/SANT	424	0	0	1	4
Myb/SANT	437	0	0	1	4
Myb/SANT	288	0	0	2	2
Myb/SANT	423	0	0	1	1
Myb/SANT	436	0	0	1	1
Myb/SANT	152	0	0	1	1
Myb/SANT	211	0	0	1	1
Myb/SANT	16	0	0	1	8
Myb/SANT	325	0	0	1	2
Myb/SANT	100	0	0	1	1
Myb/SANT	241	0	0	1	1
Myb/SANT	301	0	0	1	2
Myb/SANT	302	0	0	1	3
Myb/SANT	303	0	0	1	2
Myb/SANT	300	0	0	1	1
NAM	78	1	7	0	0
NAM	76	1	2	0	0
NAM	121	1	1	0	0
NAM	430	1	3	0	0
NAM	429	1	1	0	0
NAM	428	1	4	0	0
NAM	422	2	2	0	0
NAM	427	1	1	0	0
NAM	26	1	2	0	0
NAM	366	1	1	0	0
NAM	23	1	2	0	0
NAM	181	1	1	0	0
NAM	13	1	1	0	0
NAM	32	1	1	0	0
NAM	166	1	1	0	0
NAM	307	1	1	0	0
NAM	460	1	1	0	0
NAM	297	1	1	0	0
NAM	346	1	1	0	0
NAM	345	1	4	0	0
NAM	347	1	1	0	0
NAM	115	1	1	0	0
NAM	261	1	1	0	0
NAM	450	1	1	0	0
NAM	355	1	2	0	0
NAM	357	1	6	0	0
NAM	38	0	0	1	1
NAM	41	0	0	1	1
NAM	43	0	0	1	1
NAM	42	0	0	1	2
NAM	55	0	0	1	1
NAM	57	0	0	1	1
NAM	56	0	0	1	1
NAM	413	0	0	1	1
NAM	268	0	0	1	1
NAM	372	0	0	1	1
NAM	286	0	0	1	1
NAM	288	0	0	1	1
NAM	321	0	0	1	1
NAM	332	0	0	1	5
NAM	330	0	0	1	1
NAM	156	0	0	1	1
NAM	409	0	0	1	1
NAM	128	0	0	1	3
NAM	127	0	0	1	1
NAM	126	0	0	1	4
NAM	125	0	0	1	1
NAM	86	0	0	1	1
NAM	270	0	0	1	1
NAM	424	0	0	1	1
TALE	85	1	1	0	0
TALE	252	1	1	0	0
TALE	270	1	1	0	0
TALE	442	1	1	0	0
TALE	443	1	1	0	0
TALE	194	1	1	0	0
TALE	444	1	1	1	1
TALE	62	1	1	0	0
TALE	258	1	1	0	0
TALE	17	1	1	0	0
TALE	122	1	1	0	0
TALE	129	1	1	0	0
TALE	138	1	1	0	0
TALE	295	1	1	0	0
TALE	366	1	1	1	1
TALE	113	1	1	0	0
TALE	225	1	1	0	0
TALE	369	2	2	0	0
TALE	46	1	1	1	1
TALE	20	1	2	0	0
TALE	425	1	2	0	0
TALE	196	1	1	0	0
TALE	21	1	1	0	0
TALE	426	1	1	1	1
TALE	22	1	1	0	0
TALE	71	1	1	0	0
TALE	199	1	1	0	0
TALE	428	1	1	1	1
TALE	66	1	1	0	0
TALE	98	1	1	0	0
TALE	238	1	1	0	0
TALE	424	1	1	0	0
TALE	311	1	1	0	0
TALE	423	1	1	0	0
TALE	221	1	1	0	0
TALE	89	1	1	1	1
TALE	92	1	1	0	0
TALE	103	1	1	1	1
TALE	182	1	1	0	0
TALE	223	1	1	0	0
TALE	305	1	1	0	0
TALE	332	1	1	0	0
TALE	7	1	1	0	0
TALE	16	1	1	0	0
TALE	35	1	1	0	0
TALE	167	1	1	0	0
TALE	308	1	1	0	0
TALE	28	1	1	0	0
TALE	31	1	1	0	0
TALE	463	1	1	0	0
TALE	47	1	1	0	0
TALE	73	1	1	1	1
TALE	448	1	1	0	0
TALE	173	1	2	0	0
TALE	190	1	2	0	0
TALE	161	1	1	0	0
TALE	174	1	1	0	0
TALE	191	1	1	0	0
TALE	163	1	1	0	0
TALE	175	1	1	0	0
TALE	193	1	1	0	0
TALE	37	1	1	0	0
TALE	116	1	1	0	0
TALE	264	1	1	0	0
TALE	213	0	0	1	1
TALE	146	0	0	2	2
TALE	341	0	0	1	1
TALE	346	0	0	2	2
TALE	473	0	0	1	1
TALE	358	0	0	2	2
TALE	357	0	0	1	1
TALE	51	0	0	1	1
TALE	226	0	0	1	1
TALE	274	0	0	1	1
TALE	359	0	0	1	1
TALE	298	0	0	1	1
TALE	303	0	0	1	1
TALE	316	0	0	1	1
TALE	322	0	0	1	1
TALE	159	0	0	1	1
TALE	410	0	0	1	1
TALE	101	0	0	1	2
TALE	281	0	0	1	1
TALE	65	0	0	1	1
TALE	95	0	0	1	1
TALE	104	0	0	1	1
TALE	218	0	0	1	1
TALE	283	0	0	1	1
TALE	144	0	0	1	1
TALE	126	0	0	1	1
TALE	39	0	0	1	2
TALE	40	0	0	1	1
TALE	42	0	0	1	1
TALE	371	0	0	1	1
TALE	259	0	0	1	1
TALE	134	0	0	1	1
TALE	192	0	0	1	1
TALE	297	0	0	1	1
TALE	44	0	0	1	2
TALE	45	0	0	1	1
TALE	397	0	0	1	1
TALE	275	0	0	1	1
TALE	70	0	0	1	2
TALE	99	0	0	1	1
B3	13	2	2	0	0
B3	14	2	2	0	0
B3	31	2	2	2	2
B3	56	1	1	0	0
B3	73	1	1	0	0
B3	74	2	2	1	1
B3	79	1	1	1	1
B3	82	1	1	0	0
B3	128	1	1	0	0
B3	131	1	1	1	1
B3	240	1	1	1	1
B3	272	1	1	0	0
B3	273	2	2	0	0
B3	293	1	1	0	0
B3	419	2	2	1	1
B3	253	2	2	1	1
B3	254	1	1	0	0
B3	33	1	1	1	1
B3	65	1	1	1	1
B3	125	1	1	2	2
B3	126	1	1	1	1
B3	167	1	1	0	0
B3	168	2	2	0	0
B3	177	1	1	0	0
B3	255	2	2	1	1
B3	256	3	3	0	0
B3	259	2	2	0	0
B3	260	2	2	0	0
B3	263	1	1	0	0
B3	264	3	3	0	0
B3	267	1	1	2	2
B3	268	1	1	1	1
B3	379	1	1	1	1
B3	382	1	1	2	2
B3	385	2	2	1	1
B3	386	2	2	3	3
B3	394	2	2	0	0
B3	406	2	2	0	0
B3	407	1	1	0	0
B3	3	1	1	1	1
B3	51	1	1	0	0
B3	52	1	1	0	0
B3	81	1	1	1	1
B3	90	1	1	1	1
B3	97	1	1	0	0
B3	100	1	1	0	0
B3	135	2	2	0	0
B3	190	1	1	0	0
B3	236	1	1	0	0
B3	282	1	1	1	1
B3	283	1	1	0	0
B3	296	1	1	1	1
B3	389	1	1	1	1
B3	398	1	1	0	0
B3	433	2	2	1	1
B3	434	2	2	0	0
B3	84	1	1	1	1
B3	193	1	1	0	0
B3	242	1	1	0	0
B3	247	1	1	0	0
B3	292	1	1	1	1
B3	347	1	1	0	0
B3	348	1	1	0	0
B3	365	1	1	1	1
B3	400	2	2	1	1
B3	423	2	2	0	0
B3	424	1	1	0	0
B3	432	2	2	1	1
B3	15	2	2	1	1
B3	26	1	1	0	0
B3	27	2	2	1	1
B3	94	2	2	0	0
B3	115	1	1	0	0
B3	116	1	1	0	0
B3	123	1	1	0	0
B3	124	1	1	1	1
B3	175	1	1	0	0
B3	176	1	1	0	0
B3	179	1	1	0	0
B3	180	1	1	1	1
B3	205	1	1	0	0
B3	270	1	1	2	2
B3	284	1	1	0	0
B3	307	1	1	0	0
B3	381	1	1	0	0
B3	16	1	1	1	1
B3	17	1	1	0	0
B3	25	1	1	1	1
B3	78	3	3	0	0
B3	146	1	1	0	0
B3	166	1	1	0	0
B3	199	1	1	3	3
B3	214	2	2	0	0
B3	295	1	1	0	0
B3	301	1	1	0	0
B3	318	1	1	1	1
B3	332	2	2	5	5
B3	335	3	3	2	2
B3	372	1	1	2	2
B3	375	1	1	0	0
B3	426	1	1	0	0
B3	427	1	1	0	0
B3	484	1	1	0	0
B3	485	1	1	0	0
B3	492	1	1	1	1
B3	18	2	2	0	0
B3	24	1	1	2	2
B3	30	1	1	0	0
B3	173	2	2	0	0
B3	174	2	2	0	0
B3	285	2	2	0	0
B3	286	2	2	1	1
B3	437	1	1	0	0
B3	450	3	3	0	0
B3	447	1	1	1	1
B3	448	1	1	0	0
B3	85	2	2	0	0
B3	86	3	3	0	0
B3	194	1	1	1	1
B3	324	1	1	0	0
B3	361	1	1	1	1
B3	362	1	1	1	1
B3	425	3	3	0	0
B3	445	1	1	0	0
B3	446	1	1	1	1
B3	449	3	3	0	0
B3	92	1	1	0	0
B3	93	2	2	0	0
B3	138	1	1	1	1
B3	366	1	1	0	0
B3	367	1	1	1	1
B3	391	1	1	0	0
B3	392	1	1	0	0
B3	395	1	1	1	1
B3	32	1	1	0	0
B3	67	1	1	2	2
B3	68	1	1	2	2
B3	238	1	1	1	1
B3	308	1	1	0	0
B3	309	1	1	1	1
B3	354	3	3	2	2
B3	357	1	1	0	0
B3	358	2	2	0	0
B3	393	1	1	1	1
B3	6	2	2	0	0
B3	7	1	1	0	0
B3	19	1	1	0	0
B3	77	1	1	0	0
B3	142	1	1	0	0
B3	145	1	1	0	0
B3	185	1	1	0	0
B3	188	1	1	0	0
B3	207	1	1	1	1
B3	212	2	2	1	1
B3	220	1	1	1	1
B3	232	1	1	0	0
B3	302	1	1	0	0
B3	353	2	2	3	3
B3	363	1	1	0	0
B3	333	1	1	2	2
B3	334	2	2	0	0
B3	39	1	1	1	1
B3	62	1	1	0	0
B3	274	1	1	1	1
B3	277	1	1	0	0
B3	288	1	1	0	0
B3	289	1	1	0	0
B3	331	1	1	1	1
B3	336	1	1	1	1
B3	418	1	1	2	2
B3	456	1	1	1	1
B3	457	1	1	1	1
B3	460	1	1	0	0
B3	461	1	1	0	0
B3	477	2	2	0	0
B3	113	1	1	0	0
B3	133	1	1	0	0
B3	203	1	1	0	0
B3	204	1	1	0	0
B3	252	1	1	0	0
B3	327	1	1	1	1
B3	338	1	1	1	1
B3	339	1	1	1	1
B3	435	1	1	0	0
B3	355	1	1	1	1
B3	50	1	1	0	0
B3	54	1	1	1	1
B3	57	1	1	1	1
B3	196	1	1	0	0
B3	197	1	1	0	0
B3	215	1	1	0	0
B3	349	1	1	0	0
B3	350	1	1	0	0
B3	371	1	1	1	1
B3	439	1	1	0	0
B3	440	1	1	0	0
B3	472	2	2	0	0
B3	473	2	2	0	0
B3	213	2	2	2	2
B3	328	1	1	2	2
B3	329	1	1	0	0
B3	474	1	1	0	0
B3	103	1	1	1	1
B3	120	1	1	1	1
B3	210	1	1	0	0
B3	315	1	1	0	0
B3	404	1	1	0	0
B3	428	1	1	0	0
B3	475	1	1	0	0
B3	476	1	1	1	1
B3	481	1	1	0	0
B3	89	0	0	1	1
B3	169	0	0	1	1
B3	170	0	0	2	2
B3	225	0	0	1	1
B3	226	0	0	1	1
B3	229	0	0	1	1
B3	310	0	0	3	3
B3	75	0	0	2	2
B3	121	0	0	1	1
B3	189	0	0	1	1
B3	483	0	0	1	1
B3	491	0	0	1	1
B3	496	0	0	1	1
B3	61	0	0	1	1
B3	80	0	0	4	4
B3	87	0	0	1	1
B3	148	0	0	2	2
B3	149	0	0	1	1
B3	243	0	0	2	2
B3	244	0	0	3	3
B3	431	0	0	2	2
B3	37	0	0	1	1
B3	38	0	0	1	1
B3	117	0	0	1	1
B3	136	0	0	1	1
B3	155	0	0	2	2
B3	160	0	0	2	2
B3	161	0	0	1	1
B3	172	0	0	1	1
B3	249	0	0	1	1
B3	299	0	0	1	1
B3	346	0	0	1	1
B3	368	0	0	2	2
B3	482	0	0	1	1
B3	137	0	0	2	2
B3	420	0	0	2	2
B3	278	0	0	2	2
B3	279	0	0	1	1
B3	306	0	0	1	1
B3	147	0	0	1	1
B3	154	0	0	2	2
B3	304	0	0	1	1
B3	305	0	0	1	1
B3	60	0	0	2	2
B3	64	0	0	1	1
B3	359	0	0	1	1
B3	399	0	0	1	1
B3	72	0	0	1	1
B3	271	0	0	1	1
B3	364	0	0	3	3
B3	369	0	0	2	2
B3	411	0	0	1	1
B3	412	0	0	1	1
B3	488	0	0	2	2
B3	53	0	0	1	1
B3	139	0	0	2	2
B3	140	0	0	2	2
B3	143	0	0	1	1
B3	340	0	0	1	1
B3	341	0	0	1	1
B3	388	0	0	1	1
B3	351	0	0	2	2
B3	352	0	0	2	2
B3	195	0	0	1	1
B3	275	0	0	1	1
B3	280	0	0	1	1
B3	478	0	0	1	1
B3	479	0	0	2	2
B3	11	0	0	1	1
B3	104	0	0	1	1
B3	130	0	0	1	1
B3	134	0	0	1	1
B3	245	0	0	1	1
B3	396	0	0	1	1
B3	413	0	0	1	1
B3	464	0	0	2	2
B3	489	0	0	1	1
B3	266	0	0	1	1
B3	401	0	0	1	1
B3	246	0	0	1	1
B3	443	0	0	1	1
B3	221	0	0	1	1
B3	43	0	0	1	1
B3	216	0	0	1	1
B3	217	0	0	1	1
B3	222	0	0	1	1
B3	223	0	0	1	1
B3	239	0	0	1	1
B3	422	0	0	1	1
B3	9	0	0	1	1
B3	12	0	0	1	1
B3	258	0	0	1	1
B3	383	0	0	1	1
B3	34	0	0	1	1
B3	35	0	0	1	1
B3	122	0	0	1	1
B3	209	0	0	1	1
B3	269	0	0	1	1
B3	452	0	0	1	1
B3	469	0	0	1	1
B3	495	0	0	1	1
B3	28	0	0	1	1
B3	192	0	0	1	1
B3	218	0	0	1	1
B3	320	0	0	1	1
B3	360	0	0	1	1
B3	376	0	0	1	1
B3	436	0	0	1	1
B3	98	0	0	1	1
B3	237	0	0	1	1
B3	458	0	0	1	1
NF-YB	43	2	2	0	0
NF-YB	52	3	3	0	0
NF-YB	168	1	1	0	0
NF-YB	176	2	2	0	0
NF-YB	194	1	1	1	1
NF-YB	205	1	1	1	1
NF-YB	232	1	1	0	0
NF-YB	255	2	2	2	2
NF-YB	294	1	1	0	0
NF-YB	295	1	1	0	0
NF-YB	339	2	2	2	2
NF-YB	385	1	1	0	0
NF-YB	391	2	2	0	0
NF-YB	433	1	1	0	0
NF-YB	21	1	1	1	1
NF-YB	22	1	1	1	1
NF-YB	30	1	1	1	1
NF-YB	49	1	1	0	0
NF-YB	61	1	1	1	1
NF-YB	69	2	2	0	0
NF-YB	86	1	1	1	1
NF-YB	90	1	1	2	2
NF-YB	110	1	1	1	1
NF-YB	190	1	1	2	2
NF-YB	220	1	1	1	1
NF-YB	229	1	1	0	0
NF-YB	274	2	2	1	1
NF-YB	292	3	3	4	4
NF-YB	300	4	4	0	0
NF-YB	350	1	1	0	0
NF-YB	378	1	1	0	0
NF-YB	398	1	1	0	0
NF-YB	411	1	1	2	2
NF-YB	414	2	2	0	0
NF-YB	450	2	2	0	0
NF-YB	10	2	2	1	1
NF-YB	24	2	2	0	0
NF-YB	36	1	1	1	1
NF-YB	121	1	1	3	3
NF-YB	140	2	2	0	0
NF-YB	184	1	1	1	1
NF-YB	186	1	1	1	1
NF-YB	315	2	2	0	0
NF-YB	323	1	1	1	1
NF-YB	326	1	1	0	0
NF-YB	400	2	2	1	1
NF-YB	461	1	1	0	0
NF-YB	484	1	1	2	2
NF-YB	494	1	1	0	0
NF-YB	3	1	1	0	0
NF-YB	13	1	1	2	2
NF-YB	27	1	1	1	1
NF-YB	73	3	3	1	1
NF-YB	85	1	1	1	1
NF-YB	241	1	1	1	1
NF-YB	246	2	2	1	1
NF-YB	248	1	1	0	0
NF-YB	280	2	2	1	1
NF-YB	299	1	1	1	1
NF-YB	320	1	1	0	0
NF-YB	389	1	1	0	0
NF-YB	473	1	1	0	0
NF-YB	38	3	3	0	0
NF-YB	62	1	1	0	0
NF-YB	72	1	1	0	0
NF-YB	102	2	2	1	1
NF-YB	227	1	1	1	1
NF-YB	304	2	2	0	0
NF-YB	332	1	1	0	0
NF-YB	412	1	1	0	0
NF-YB	413	1	1	1	1
NF-YB	420	1	1	0	0
NF-YB	442	1	1	1	1
NF-YB	448	2	2	0	0
NF-YB	81	2	2	1	1
NF-YB	84	2	2	3	3
NF-YB	172	2	2	1	1
NF-YB	180	1	1	0	0
NF-YB	264	2	2	0	0
NF-YB	267	1	1	2	2
NF-YB	277	2	2	0	0
NF-YB	358	1	1	0	0
NF-YB	78	1	1	4	4
NF-YB	112	2	2	0	0
NF-YB	206	1	1	0	0
NF-YB	381	2	2	0	0
NF-YB	34	1	1	1	1
NF-YB	59	1	1	1	1
NF-YB	115	1	1	2	2
NF-YB	136	1	1	1	1
NF-YB	144	2	2	0	0
NF-YB	179	2	2	3	3
NF-YB	203	1	1	0	0
NF-YB	224	1	1	0	0
NF-YB	237	2	2	0	0
NF-YB	257	1	1	1	1
NF-YB	265	1	1	1	1
NF-YB	273	1	1	0	0
NF-YB	278	1	1	0	0
NF-YB	293	1	1	0	0
NF-YB	305	2	2	0	0
NF-YB	306	1	1	2	2
NF-YB	355	1	1	0	0
NF-YB	367	1	1	0	0
NF-YB	383	2	2	0	0
NF-YB	393	1	1	1	1
NF-YB	421	1	1	1	1
NF-YB	18	1	1	0	0
NF-YB	23	1	1	0	0
NF-YB	46	1	1	1	1
NF-YB	91	1	1	1	1
NF-YB	249	1	1	1	1
NF-YB	301	1	1	0	0
NF-YB	396	1	1	3	3
NF-YB	403	1	1	0	0
NF-YB	408	2	2	2	2
NF-YB	427	1	1	0	0
NF-YB	455	2	2	0	0
NF-YB	457	2	2	0	0
NF-YB	465	2	2	2	2
NF-YB	482	1	1	0	0
NF-YB	75	1	1	1	1
NF-YB	98	1	1	1	1
NF-YB	139	1	1	1	1
NF-YB	158	1	1	1	1
NF-YB	181	1	1	1	1
NF-YB	188	1	1	0	0
NF-YB	204	1	1	0	0
NF-YB	216	1	1	0	0
NF-YB	314	3	3	0	0
NF-YB	361	1	1	2	2
NF-YB	415	2	2	1	1
NF-YB	443	2	2	0	0
NF-YB	41	1	1	0	0
NF-YB	42	1	1	0	0
NF-YB	125	1	1	0	0
NF-YB	156	1	1	1	1
NF-YB	209	1	1	1	1
NF-YB	217	1	1	0	0
NF-YB	230	1	1	0	0
NF-YB	244	1	1	0	0
NF-YB	261	1	1	2	2
NF-YB	282	2	2	0	0
NF-YB	336	1	1	0	0
NF-YB	434	1	1	3	3
NF-YB	492	1	1	2	2
NF-YB	40	2	2	1	1
NF-YB	66	1	1	0	0
NF-YB	272	2	2	0	0
NF-YB	356	1	1	0	0
NF-YB	380	2	2	1	1
NF-YB	462	1	1	2	2
NF-YB	26	1	1	0	0
NF-YB	33	1	1	1	1
NF-YB	54	1	1	2	2
NF-YB	116	1	1	0	0
NF-YB	195	1	1	1	1
NF-YB	213	1	1	0	0
NF-YB	221	1	1	0	0
NF-YB	223	1	1	0	0
NF-YB	330	1	1	2	2
NF-YB	79	1	1	0	0
NF-YB	88	1	1	1	1
NF-YB	324	1	1	0	0
NF-YB	340	1	1	0	0
NF-YB	376	1	1	1	1
NF-YB	377	1	1	0	0
NF-YB	424	1	1	0	0
NF-YB	429	1	1	1	1
NF-YB	469	2	2	0	0
NF-YB	9	1	1	0	0
NF-YB	11	1	1	1	1
NF-YB	44	1	1	1	1
NF-YB	185	1	1	0	0
NF-YB	271	1	1	0	0
NF-YB	319	1	1	0	0
NF-YB	329	1	1	0	0
NF-YB	375	1	1	0	0
NF-YB	431	1	1	0	0
NF-YB	495	1	1	0	0
NF-YB	1	1	1	1	1
NF-YB	7	1	1	0	0
NF-YB	15	1	1	0	0
NF-YB	56	1	1	0	0
NF-YB	71	1	1	0	0
NF-YB	74	1	1	0	0
NF-YB	101	1	1	1	1
NF-YB	104	1	1	0	0
NF-YB	105	1	1	1	1
NF-YB	228	1	1	1	1
NF-YB	238	1	1	1	1
NF-YB	288	1	1	1	1
NF-YB	337	1	1	0	0
NF-YB	343	1	1	1	1
NF-YB	370	2	2	0	0
NF-YB	438	1	1	2	2
NF-YB	439	1	1	0	0
NF-YB	14	1	1	0	0
NF-YB	32	1	1	0	0
NF-YB	118	1	1	1	1
NF-YB	153	1	1	0	0
NF-YB	175	1	1	1	1
NF-YB	226	1	1	2	2
NF-YB	254	1	1	0	0
NF-YB	307	1	1	0	0
NF-YB	344	1	1	0	0
NF-YB	349	1	1	2	2
NF-YB	362	1	1	1	1
NF-YB	363	1	1	0	0
NF-YB	366	1	1	0	0
NF-YB	394	1	1	0	0
NF-YB	407	1	1	0	0
NF-YB	419	1	1	0	0
NF-YB	437	1	1	0	0
NF-YB	464	1	1	3	3
NF-YB	479	1	1	1	1
NF-YB	20	0	0	1	1
NF-YB	63	0	0	2	2
NF-YB	97	0	0	1	1
NF-YB	106	0	0	2	2
NF-YB	135	0	0	1	1
NF-YB	189	0	0	3	3
NF-YB	258	0	0	1	1
NF-YB	317	0	0	1	1
NF-YB	333	0	0	2	2
NF-YB	445	0	0	1	1
NF-YB	452	0	0	1	1
NF-YB	454	0	0	1	1
NF-YB	478	0	0	1	1
NF-YB	486	0	0	3	3
NF-YB	133	0	0	3	3
NF-YB	236	0	0	2	2
NF-YB	298	0	0	2	2
NF-YB	309	0	0	3	3
NF-YB	321	0	0	2	2
NF-YB	368	0	0	1	1
NF-YB	373	0	0	1	1
NF-YB	406	0	0	3	3
NF-YB	169	0	0	2	2
NF-YB	239	0	0	1	1
NF-YB	303	0	0	1	1
NF-YB	390	0	0	1	1
NF-YB	392	0	0	1	1
NF-YB	446	0	0	2	2
NF-YB	480	0	0	1	1
NF-YB	122	0	0	2	2
NF-YB	132	0	0	3	3
NF-YB	151	0	0	1	1
NF-YB	287	0	0	1	1
NF-YB	422	0	0	2	2
NF-YB	489	0	0	1	1
NF-YB	96	0	0	1	1
NF-YB	120	0	0	1	1
NF-YB	199	0	0	1	1
NF-YB	251	0	0	2	2
NF-YB	351	0	0	1	1
NF-YB	364	0	0	1	1
NF-YB	152	0	0	1	1
NF-YB	386	0	0	1	1
NF-YB	409	0	0	2	2
NF-YB	55	0	0	1	1
NF-YB	111	0	0	1	1
NF-YB	207	0	0	2	2
NF-YB	77	0	0	2	2
NF-YB	82	0	0	2	2
NF-YB	87	0	0	1	1
NF-YB	92	0	0	2	2
NF-YB	143	0	0	1	1
NF-YB	164	0	0	2	2
NF-YB	345	0	0	1	1
NF-YB	404	0	0	2	2
NF-YB	470	0	0	1	1
NF-YB	146	0	0	1	1
NF-YB	163	0	0	1	1
NF-YB	178	0	0	2	2
NF-YB	235	0	0	1	1
NF-YB	269	0	0	2	2
NF-YB	290	0	0	2	2
NF-YB	341	0	0	1	1
NF-YB	123	0	0	2	2
NF-YB	192	0	0	1	1
NF-YB	342	0	0	1	1
NF-YB	417	0	0	2	2
NF-YB	435	0	0	2	2
NF-YB	37	0	0	2	2
NF-YB	165	0	0	1	1
NF-YB	388	0	0	1	1
NF-YB	58	0	0	1	1
NF-YB	142	0	0	1	1
NF-YB	149	0	0	2	2
NF-YB	276	0	0	2	2
NF-YB	447	0	0	1	1
NF-YB	29	0	0	2	2
NF-YB	119	0	0	1	1
NF-YB	162	0	0	2	2
NF-YB	233	0	0	1	1
NF-YB	252	0	0	1	1
NF-YB	313	0	0	1	1
NF-YB	410	0	0	1	1
NF-YB	430	0	0	1	1
NF-YB	64	0	0	1	1
NF-YB	93	0	0	1	1
NF-YB	157	0	0	1	1
NF-YB	250	0	0	1	1
NF-YB	284	0	0	1	1
NF-YB	441	0	0	1	1
NF-YB	117	0	0	1	1
NF-YB	177	0	0	1	1
NF-YB	197	0	0	1	1
NF-YB	270	0	0	1	1
NF-YB	173	0	0	1	1
NF-YB	291	0	0	1	1
NF-YB	352	0	0	1	1
NF-YB	365	0	0	1	1
NF-YB	488	0	0	1	1
NF-YB	214	0	0	1	1
NF-YB	243	0	0	1	1
NF-YB	262	0	0	1	1
NF-YB	297	0	0	1	1
NF-YB	458	0	0	1	1
NF-YB	76	0	0	1	1
NF-YB	94	0	0	1	1
NF-YB	167	0	0	1	1
NF-YB	211	0	0	1	1
NF-YB	219	0	0	1	1
NF-YB	253	0	0	1	1
NF-YB	348	0	0	1	1
NF-YB	456	0	0	1	1
NF-YB	182	0	0	1	1
NF-YB	198	0	0	1	1
NF-YB	259	0	0	1	1
NF-YB	316	0	0	1	1
NF-YB	325	0	0	1	1
NF-YB	416	0	0	1	1
TCP	17	2	4	1	1
TCP	33	1	2	2	4
TCP	39	2	4	1	2
TCP	40	1	2	1	2
TCP	123	2	3	0	0
TCP	124	3	7	0	0
TCP	224	1	2	0	0
TCP	252	1	2	0	0
TCP	276	2	3	0	0
TCP	297	1	3	0	0
TCP	298	2	3	0	0
TCP	422	1	2	0	0
TCP	431	2	4	2	5
TCP	436	2	4	1	2
TCP	120	1	1	2	4
TCP	14	1	1	1	2
TCP	18	1	2	0	0
TCP	98	1	2	1	2
TCP	104	2	4	1	2
TCP	137	1	2	0	0
TCP	184	2	11	0	0
TCP	271	1	2	1	2
TCP	326	2	4	0	0
TCP	327	1	2	2	5
TCP	375	1	2	1	2
TCP	454	2	4	1	3
TCP	15	1	1	0	0
TCP	134	1	1	0	0
TCP	451	2	3	3	6
TCP	78	2	4	0	0
TCP	170	2	4	1	2
TCP	171	1	2	0	0
TCP	299	2	3	0	0
TCP	306	1	2	1	2
TCP	311	3	7	1	2
TCP	312	2	4	2	4
TCP	358	1	2	1	2
TCP	378	2	5	1	2
TCP	464	2	5	0	0
TCP	300	1	16	2	4
TCP	199	1	1	0	0
TCP	201	1	2	1	2
TCP	200	3	5	2	5
TCP	189	1	2	0	0
TCP	204	2	4	0	0
TCP	205	1	2	0	0
TCP	206	1	2	0	0
TCP	223	1	2	2	4
TCP	238	1	2	0	0
TCP	302	2	5	0	0
TCP	303	4	9	1	2
TCP	304	3	6	1	2
TCP	316	1	2	0	0
TCP	329	2	4	2	4
TCP	334	1	2	0	0
TCP	361	2	4	2	5
TCP	366	2	4	3	7
TCP	376	1	2	1	2
TCP	404	1	2	0	0
TCP	405	1	2	0	0
TCP	412	1	2	1	2
TCP	434	4	8	0	0
TCP	448	1	2	0	0
TCP	409	2	3	2	5
TCP	41	1	2	2	4
TCP	112	1	2	0	0
TCP	127	1	2	0	0
TCP	136	1	2	1	2
TCP	169	2	4	0	0
TCP	236	2	4	1	2
TCP	273	1	2	2	4
TCP	293	1	2	0	0
TCP	301	1	2	1	2
TCP	373	1	2	2	4
TCP	374	1	2	1	1
TCP	351	2	3	1	2
TCP	407	2	3	2	3
TCP	142	1	2	3	5
TCP	148	1	2	0	0
TCP	309	1	2	1	2
TCP	354	2	4	1	2
TCP	355	1	2	2	4
TCP	410	1	2	2	4
TCP	411	2	4	1	1
TCP	435	2	5	1	2
TCP	496	2	4	0	0
TCP	408	1	1	1	2
TCP	340	1	1	0	0
TCP	437	2	3	0	0
TCP	439	1	4	2	4
TCP	438	2	3	1	3
TCP	1	1	2	0	0
TCP	34	1	2	4	8
TCP	55	1	2	2	4
TCP	198	2	4	1	2
TCP	216	1	2	1	2
TCP	225	1	2	0	0
TCP	230	1	2	1	2
TCP	231	2	4	1	2
TCP	234	1	2	0	0
TCP	239	1	2	1	2
TCP	240	1	2	0	0
TCP	246	1	2	0	0
TCP	261	1	2	1	2
TCP	266	2	3	1	2
TCP	280	1	2	0	0
TCP	287	1	2	3	5
TCP	288	2	4	1	2
TCP	295	2	4	1	2
TCP	296	3	6	2	4
TCP	332	2	4	0	0
TCP	333	1	2	0	0
TCP	338	1	2	1	2
TCP	343	1	2	0	0
TCP	344	1	2	0	0
TCP	396	1	2	2	4
TCP	397	1	3	3	7
TCP	423	3	6	0	0
TCP	424	3	6	2	2
TCP	425	1	2	3	5
TCP	441	1	2	0	0
TCP	442	1	2	1	2
TCP	443	1	2	2	4
TCP	452	1	2	0	0
TCP	458	1	2	2	5
TCP	459	1	2	1	2
TCP	473	1	2	0	0
TCP	474	1	2	1	2
TCP	341	1	1	1	2
TCP	456	1	1	2	4
TCP	28	1	16	0	0
TCP	26	1	1	0	0
TCP	27	1	1	0	0
TCP	30	1	3	0	0
TCP	31	2	4	2	3
TCP	268	3	6	0	0
TCP	390	1	2	1	2
TCP	403	1	2	0	0
TCP	453	1	2	0	0
TCP	471	1	2	1	2
TCP	82	1	2	2	3
TCP	88	1	2	1	2
TCP	89	3	6	2	4
TCP	386	2	4	1	2
TCP	175	1	3	3	22
TCP	176	1	2	1	2
TCP	245	1	2	0	0
TCP	277	1	2	1	3
TCP	289	3	6	1	2
TCP	379	1	2	1	3
TCP	419	2	3	1	2
TCP	421	1	3	0	0
TCP	420	1	1	2	4
TCP	103	1	2	1	2
TCP	163	1	2	1	2
TCP	285	1	2	1	2
TCP	294	1	2	1	2
TCP	350	1	2	2	4
TCP	387	1	2	1	3
TCP	388	1	2	3	6
TCP	489	1	2	0	0
TCP	35	1	2	1	2
TCP	269	1	3	0	0
TCP	270	1	2	0	0
TCP	290	1	2	1	2
TCP	308	1	2	1	2
TCP	317	1	2	0	0
TCP	322	1	2	5	13
TCP	413	1	2	1	3
TCP	447	1	3	0	0
TCP	465	1	2	0	0
TCP	486	1	2	0	0
TCP	32	1	1	0	0
TCP	49	1	2	0	0
TCP	100	1	2	0	0
TCP	342	1	2	0	0
TCP	427	1	2	1	2
TCP	461	2	4	2	4
TCP	462	1	2	2	4
TCP	416	1	6	2	4
TCP	85	1	2	2	10
TCP	371	1	2	1	2
TCP	372	1	2	3	6
TCP	418	1	4	0	0
TCP	368	2	3	2	4
TCP	47	1	2	2	4
TCP	156	1	2	0	0
TCP	161	1	2	0	0
TCP	188	1	2	0	0
TCP	455	1	2	1	2
TCP	181	1	16	0	0
TCP	179	1	1	1	2
TCP	182	1	2	0	0
TCP	180	1	1	0	0
TCP	183	1	5	1	2
TCP	46	1	2	1	3
TCP	77	1	2	2	5
TCP	93	1	2	0	0
TCP	113	1	2	2	4
TCP	152	1	2	0	0
TCP	153	1	2	0	0
TCP	185	1	2	1	1
TCP	226	1	2	0	0
TCP	232	1	2	0	0
TCP	241	1	3	0	0
TCP	242	1	2	1	2
TCP	267	1	4	1	2
TCP	278	1	2	1	2
TCP	279	1	2	0	0
TCP	84	1	2	1	4
TCP	107	1	2	1	2
TCP	126	1	2	1	2
TCP	217	1	2	0	0
TCP	233	1	2	0	0
TCP	251	1	2	0	0
TCP	264	1	2	3	5
TCP	398	1	2	1	2
TCP	119	0	0	1	2
TCP	213	0	0	1	2
TCP	393	0	0	1	2
TCP	394	0	0	2	4
TCP	414	0	0	2	4
TCP	377	0	0	5	11
TCP	383	0	0	1	1
TCP	476	0	0	1	4
TCP	475	0	0	1	3
TCP	172	0	0	1	2
TCP	346	0	0	3	5
TCP	395	0	0	2	4
TCP	400	0	0	2	4
TCP	426	0	0	4	8
TCP	13	0	0	2	4
TCP	43	0	0	2	3
TCP	87	0	0	1	2
TCP	140	0	0	2	4
TCP	186	0	0	1	3
TCP	428	0	0	2	4
TCP	429	0	0	2	4
TCP	467	0	0	3	5
TCP	468	0	0	2	4
TCP	25	0	0	3	6
TCP	143	0	0	1	2
TCP	389	0	0	2	4
TCP	22	0	0	1	1
TCP	4	0	0	1	2
TCP	6	0	0	1	3
TCP	11	0	0	1	2
TCP	19	0	0	1	2
TCP	20	0	0	1	2
TCP	50	0	0	1	3
TCP	54	0	0	1	2
TCP	61	0	0	1	2
TCP	66	0	0	1	2
TCP	67	0	0	2	3
TCP	71	0	0	1	2
TCP	72	0	0	2	4
TCP	81	0	0	2	4
TCP	128	0	0	1	2
TCP	51	0	0	1	1
TCP	144	0	0	1	2
TCP	151	0	0	1	2
TCP	157	0	0	1	2
TCP	214	0	0	2	4
TCP	307	0	0	2	4
TCP	357	0	0	2	5
TCP	433	0	0	2	4
TCP	440	0	0	2	5
TCP	469	0	0	1	2
TCP	479	0	0	3	6
TCP	95	0	0	1	2
TCP	115	0	0	2	5
TCP	116	0	0	2	4
TCP	291	0	0	1	2
TCP	348	0	0	1	2
TCP	349	0	0	1	2
TCP	345	0	0	1	1
TCP	83	0	0	1	3
TCP	86	0	0	1	2
TCP	173	0	0	2	3
TCP	174	0	0	3	5
TCP	229	0	0	1	2
TCP	260	0	0	1	2
TCP	286	0	0	1	2
TCP	313	0	0	3	6
TCP	320	0	0	2	4
TCP	401	0	0	2	4
TCP	284	0	0	1	1
TCP	227	0	0	1	1
TCP	215	0	0	1	1
TCP	45	0	0	1	2
TCP	131	0	0	1	2
TCP	158	0	0	1	2
TCP	194	0	0	1	2
TCP	202	0	0	2	4
TCP	259	0	0	1	2
TCP	272	0	0	1	2
TCP	365	0	0	1	2
TCP	399	0	0	3	5
TCP	432	0	0	2	4
TCP	466	0	0	1	2
TCP	97	0	0	1	2
TCP	356	0	0	2	4
TCP	450	0	0	3	6
TCP	494	0	0	2	4
TCP	495	0	0	2	4
TCP	492	0	0	1	1
TCP	360	0	0	2	3
TCP	145	0	0	1	2
TCP	253	0	0	1	2
TCP	257	0	0	2	4
TCP	335	0	0	1	2
TCP	336	0	0	1	2
TCP	457	0	0	1	2
TCP	321	0	0	2	4
TCP	211	0	0	1	2
TCP	212	0	0	1	2
TCP	219	0	0	1	2
TCP	323	0	0	3	6
TCP	352	0	0	1	2
TCP	353	0	0	2	4
TCP	359	0	0	1	2
TCP	363	0	0	2	4
TCP	417	0	0	1	2
TCP	480	0	0	2	8
TCP	484	0	0	1	2
TCP	263	0	0	2	3
TCP	96	0	0	1	2
TCP	220	0	0	3	5
TCP	324	0	0	1	2
TCP	330	0	0	1	2
TCP	385	0	0	1	2
TCP	69	0	0	1	4
TCP	68	0	0	1	1
TCP	73	0	0	1	2
TCP	141	0	0	1	2
TCP	191	0	0	1	2
TCP	310	0	0	1	2
TCP	380	0	0	1	2
TCP	402	0	0	1	2
TCP	48	0	0	1	2
TCP	63	0	0	1	2
TCP	367	0	0	2	4
TCP	364	0	0	2	3
TCP	208	0	0	1	2
TCP	265	0	0	1	2
TCP	274	0	0	2	4
TCP	430	0	0	1	2
TCP	481	0	0	1	2
TCP	406	0	0	1	1
TCP	101	0	0	1	2
TCP	177	0	0	1	4
TCP	178	0	0	1	2
TCP	195	0	0	1	3
TCP	221	0	0	1	2
TCP	339	0	0	1	2
TCP	347	0	0	1	2
SBP	238	1	1	0	0
SBP	259	1	1	0	0
SBP	31	1	1	0	0
SBP	269	1	1	0	0
SBP	415	2	2	0	0
SBP	420	1	8	0	0
SBP	419	1	4	0	0
SBP	421	1	3	0	0
SBP	153	1	2	0	0
SBP	417	1	1	0	0
SBP	357	1	1	0	0
SBP	441	1	1	0	0
SBP	7	1	1	0	0
SBP	8	1	1	0	0
SBP	320	1	5	0	0
SBP	319	1	3	0	0
SBP	321	2	4	0	0
SBP	317	1	1	0	0
SBP	315	1	1	1	4
SBP	323	1	1	0	0
SBP	14	1	1	0	0
SBP	254	1	1	0	0
SBP	255	1	1	0	0
SBP	54	1	1	0	0
SBP	225	1	6	1	1
SBP	224	1	4	0	0
SBP	226	1	3	0	0
SBP	222	1	2	0	0
SBP	344	1	1	0	0
SBP	207	1	1	0	0
SBP	258	2	2	0	0
SBP	244	1	1	0	0
SBP	247	1	1	1	1
SBP	324	1	1	0	0
SBP	326	1	2	0	0
SBP	325	2	2	0	0
SBP	115	1	1	0	0
SBP	262	1	1	0	0
SBP	292	1	1	0	0
SBP	361	1	1	0	0
SBP	487	1	1	0	0
SBP	175	1	1	0	0
SBP	195	1	1	1	1
SBP	193	1	1	1	2
SBP	197	1	1	2	5
SBP	288	2	9	0	0
SBP	429	1	1	0	0
SBP	67	1	7	0	0
SBP	68	1	3	0	0
SBP	66	1	3	0	0
SBP	69	1	2	0	0
SBP	64	1	3	0	0
SBP	295	1	1	0	0
SBP	407	1	1	0	0
SBP	458	1	5	0	0
SBP	287	1	4	0	0
SBP	457	1	4	0	0
SBP	289	1	3	0	0
SBP	448	1	2	0	0
SBP	459	1	3	0	0
SBP	447	1	1	0	0
SBP	450	1	3	0	0
SBP	449	1	4	0	0
SBP	285	1	2	0	0
SBP	445	1	1	0	0
SBP	455	1	1	0	0
SBP	283	1	1	0	0
SBP	453	1	1	1	1
SBP	105	1	1	0	0
SBP	432	1	1	0	0
SBP	314	0	0	1	5
SBP	313	0	0	1	1
SBP	312	0	0	3	3
SBP	310	0	0	1	1
SBP	78	0	0	2	2
SBP	422	0	0	1	1
SBP	23	0	0	1	1
SBP	47	0	0	1	1
SBP	50	0	0	1	1
SBP	316	0	0	1	1
SBP	456	0	0	1	1
SBP	196	0	0	1	1
SBP	198	0	0	1	4
SBP	235	0	0	1	1
SBP	308	0	0	1	1
SBP	52	0	0	1	1
SBP	278	0	0	1	1
SBP	57	0	0	1	1
SBP	282	0	0	1	1
SBP	293	0	0	1	1
SBP	485	0	0	2	2
SBP	34	0	0	1	1
SBP	129	0	0	1	1
SBP	200	0	0	2	8
SBP	250	0	0	1	1
SBP	149	0	0	1	1
SBP	152	0	0	1	1
SBP	100	0	0	1	1
SBP	347	0	0	1	1
SBP	83	0	0	1	1
SBP	85	0	0	1	3
SBP	84	0	0	1	2
SBP	80	0	0	1	1
SBP	215	0	0	1	1
SBP	199	0	0	1	4
SBP	201	0	0	1	3
SBP	486	0	0	1	2
SBP	51	0	0	1	2
SBP	483	0	0	1	1
SBP	202	0	0	1	1
SBP	55	0	0	1	1
EIN3	267	1	2	0	0
EIN3	255	1	2	0	0
EIN3	263	1	2	0	0
EIN3	175	1	2	0	0
EIN3	325	1	2	0	0
EIN3	289	1	1	0	0
EIN3	327	1	1	0	0
EIN3	445	1	2	0	0
EIN3	353	1	2	0	0
EIN3	456	1	2	0	0
EIN3	334	1	2	0	0
EIN3	467	1	1	0	0
EIN3	14	1	2	0	0
EIN3	103	1	2	0	0
EIN3	471	1	2	0	0
EIN3	105	1	1	0	0
EIN3	181	0	0	1	1
EIN3	225	0	0	1	2
EIN3	90	0	0	1	2
EIN3	148	0	0	1	2
EIN3	150	0	0	1	2
EIN3	149	0	0	1	1
EIN3	33	0	0	1	1
EIN3	116	0	0	1	2
EIN3	147	0	0	1	1
EIN3	443	0	0	1	2
EIN3	212	0	0	1	1
EIN3	360	0	0	1	1
EIN3	331	0	0	1	2
EIN3	133	0	0	1	1
EIN3	55	0	0	1	1
TBP	39	1	2	1	2
TBP	472	1	1	0	0
TBP	465	3	4	1	1
TBP	467	1	1	0	0
TBP	468	2	2	0	0
TBP	38	1	1	1	2
TBP	466	2	2	0	0
TBP	407	1	1	0	0
TBP	287	1	1	0	0
TBP	288	1	1	0	0
TBP	286	1	1	0	0
TBP	145	1	1	0	0
TBP	49	1	1	0	0
TBP	55	1	1	0	0
TBP	54	2	3	0	0
TBP	118	1	1	0	0
TBP	117	1	2	0	0
TBP	107	1	1	0	0
TBP	461	1	1	0	0
TBP	236	2	2	0	0
TBP	283	1	1	0	0
TBP	242	1	1	0	0
TBP	284	2	2	0	0
TBP	241	1	1	0	0
TBP	282	1	1	0	0
TBP	173	1	3	0	0
TBP	326	1	1	0	0
TBP	166	1	2	0	0
TBP	168	1	2	0	0
TBP	169	1	2	0	0
TBP	170	1	2	0	0
TBP	171	1	2	0	0
TBP	172	1	2	0	0
TBP	174	2	4	0	0
TBP	175	1	2	0	0
TBP	177	2	3	0	0
TBP	184	1	2	0	0
TBP	185	1	2	1	1
TBP	186	1	2	0	0
TBP	187	1	2	0	0
TBP	188	1	2	0	0
TBP	189	1	2	0	0
TBP	190	1	2	0	0
TBP	191	1	2	0	0
TBP	319	1	2	0	0
TBP	361	1	1	0	0
TBP	18	1	1	0	0
TBP	470	1	1	0	0
TBP	183	1	1	0	0
TBP	471	1	1	0	0
TBP	182	1	1	0	0
TBP	469	1	1	0	0
TBP	232	1	1	0	0
TBP	78	1	2	0	0
TBP	79	1	1	2	2
TBP	493	1	1	0	0
TBP	77	1	1	0	0
TBP	62	1	1	0	0
TBP	71	1	1	0	0
TBP	35	1	1	1	2
TBP	36	1	1	1	2
TBP	63	1	1	0	0
TBP	279	1	1	0	0
TBP	285	1	1	0	0
TBP	69	1	1	0	0
TBP	68	1	1	0	0
TBP	238	1	1	0	0
TBP	234	1	2	0	0
TBP	42	1	1	0	0
TBP	224	1	1	0	0
TBP	230	1	1	0	0
TBP	48	1	1	0	0
TBP	221	1	1	0	0
TBP	225	1	1	0	0
TBP	405	1	1	0	0
TBP	47	1	1	0	0
TBP	220	1	1	0	0
TBP	223	1	1	1	1
TBP	235	1	1	0	0
TBP	264	1	1	0	0
TBP	61	1	1	0	0
TBP	181	1	1	0	0
TBP	262	1	1	0	0
TBP	311	1	1	0	0
TBP	244	1	2	0	0
TBP	245	1	2	0	0
TBP	246	1	2	0	0
TBP	247	1	2	0	0
TBP	248	1	2	0	0
TBP	249	1	2	0	0
TBP	250	1	2	0	0
TBP	251	1	2	0	0
TBP	252	1	2	0	0
TBP	253	1	2	0	0
TBP	255	1	2	0	0
TBP	304	1	2	0	0
TBP	464	2	2	1	1
TBP	463	1	1	2	2
TBP	443	1	1	0	0
TBP	435	1	1	0	0
TBP	440	1	1	0	0
TBP	143	0	0	1	1
TBP	139	0	0	1	2
TBP	135	0	0	1	1
TBP	141	0	0	1	1
TBP	140	0	0	1	1
TBP	160	0	0	2	3
TBP	324	0	0	1	1
TBP	137	0	0	1	1
TBP	349	0	0	1	1
TBP	159	0	0	1	1
TBP	483	0	0	1	1
TBP	17	0	0	1	1
TBP	16	0	0	1	2
TBP	203	0	0	1	1
TBP	198	0	0	1	2
TBP	199	0	0	1	2
TBP	195	0	0	1	1
TBP	43	0	0	1	1
TBP	201	0	0	1	1
TBP	200	0	0	1	1
TBP	227	0	0	1	2
TBP	228	0	0	1	1
TBP	226	0	0	1	1
TBP	24	0	0	1	2
TBP	23	0	0	1	1
TBP	386	0	0	1	1
TBP	231	0	0	1	1
TBP	392	0	0	1	1
TBP	391	0	0	1	1
TBP	265	0	0	1	1
TBP	13	0	0	1	1
TBP	6	0	0	1	2
TBP	297	0	0	1	2
TBP	25	0	0	1	1
TBP	31	0	0	2	3
TBP	30	0	0	1	1
TBP	33	0	0	1	2
TBP	34	0	0	1	2
TBP	37	0	0	1	2
TBP	40	0	0	1	2
TBP	124	0	0	1	1
TBP	130	0	0	1	1
TBP	129	0	0	1	1
TBP	256	0	0	1	1
TBP	322	0	0	1	1
TBP	323	0	0	1	1
TBP	321	0	0	1	1
TBP	161	0	0	1	2
TBP	243	0	0	1	1
TBP	162	0	0	1	1
TBP	104	0	0	1	1
TBP	97	0	0	1	2
TBP	384	0	0	1	2
MIKC	220	1	1	0	0
MIKC	35	1	1	0	0
MIKC	38	1	1	0	0
MIKC	331	1	1	0	0
MIKC	270	1	1	0	0
MIKC	271	1	1	0	0
MIKC	272	1	1	0	0
MIKC	15	1	1	0	0
MIKC	275	1	1	0	0
MIKC	17	1	1	0	0
MIKC	103	1	1	0	0
MIKC	189	1	1	0	0
MIKC	20	1	2	0	0
MIKC	78	1	1	0	0
MIKC	76	1	1	2	2
MIKC	18	1	1	0	0
MIKC	24	1	1	0	0
MIKC	288	1	1	0	0
MIKC	97	0	0	2	3
MIKC	242	0	0	1	2
MIKC	413	0	0	1	1
MIKC	92	0	0	1	2
MIKC	96	0	0	2	2
MIKC	178	0	0	1	1
MIKC	319	0	0	1	2
MIKC	253	0	0	1	1
MIKC	94	0	0	1	1
MIKC	95	0	0	1	1
MIKC	135	0	0	1	1
MIKC	187	0	0	1	1
MIKC	192	0	0	1	1
MIKC	199	0	0	1	1
ERF	134	1	1	0	0
ERF	156	1	1	0	0
ERF	344	1	1	0	0
ERF	345	1	2	0	0
ERF	349	1	1	0	0
ERF	346	1	1	0	0
ERF	347	1	1	0	0
ERF	259	1	1	0	0
ERF	353	1	1	0	0
ERF	404	1	2	1	1
ERF	410	1	2	0	0
ERF	403	1	2	1	1
ERF	409	1	2	0	0
ERF	351	1	1	0	0
ERF	429	1	1	0	0
ERF	352	1	1	0	0
ERF	399	1	1	0	0
ERF	405	1	1	0	0
ERF	411	1	1	0	0
ERF	430	1	1	0	0
ERF	325	1	1	1	1
ERF	367	1	1	0	0
ERF	388	1	1	0	0
ERF	470	1	1	0	0
ERF	483	1	1	0	0
ERF	485	1	1	0	0
ERF	384	1	1	0	0
ERF	385	1	2	0	0
ERF	387	1	1	0	0
ERF	68	1	1	0	0
ERF	69	1	1	1	1
ERF	268	1	1	0	0
ERF	267	1	2	0	0
ERF	117	1	1	0	0
ERF	146	1	1	0	0
ERF	219	1	1	0	0
ERF	269	1	1	0	0
ERF	161	1	1	0	0
ERF	392	0	0	1	1
ERF	394	0	0	1	1
ERF	395	0	0	1	1
ERF	295	0	0	1	1
ERF	466	0	0	1	1
ERF	102	0	0	1	1
ERF	103	0	0	1	2
ERF	104	0	0	1	1
ERF	105	0	0	1	1
ERF	379	0	0	1	1
ERF	237	0	0	1	2
ERF	236	0	0	1	1
ERF	58	0	0	1	1
ERF	16	0	0	1	1
ERF	52	0	0	1	1
ERF	59	0	0	1	1
ERF	79	0	0	1	1
ERF	238	0	0	1	1
ERF	99	0	0	1	1
ERF	427	0	0	1	1
ERF	91	0	0	1	1
ERF	481	0	0	1	1
ERF	128	0	0	1	1
ERF	49	0	0	1	1
ERF	313	0	0	1	1
ERF	312	0	0	1	2
ERF	393	0	0	1	1
ERF	314	0	0	1	1
ERF	211	0	0	1	1
ERF	212	0	0	1	1
ERF	165	0	0	1	3
ERF	164	0	0	1	1
ERF	166	0	0	1	1
ERF	167	0	0	1	1
ERF	220	0	0	1	1
ERF	5	0	0	1	2
ERF	3	0	0	1	1
ERF	450	0	0	1	1
ERF	453	0	0	1	1
ERF	324	0	0	1	2
ERF	338	0	0	1	1
ERF	323	0	0	1	2
ERF	337	0	0	1	2
ERF	339	0	0	1	1
ERF	309	0	0	1	1
ERF	340	0	0	1	1
LEA_5	126	1	1	0	0
LEA_5	256	1	1	0	0
LEA_5	264	1	2	0	0
LEA_5	407	1	1	0	0
LEA_5	48	1	1	0	0
LEA_5	352	1	1	0	0
LEA_5	116	1	1	0	0
LEA_5	176	1	2	0	0
LEA_5	27	1	1	0	0
LEA_5	170	1	1	0	0
LEA_5	446	1	2	0	0
LEA_5	89	1	1	0	0
LEA_5	64	1	1	1	1
LEA_5	328	1	1	0	0
LEA_5	274	1	1	0	0
LEA_5	332	1	1	0	0
LEA_5	336	1	1	0	0
LEA_5	457	1	1	0	0
LEA_5	335	1	1	0	0
LEA_5	435	1	1	0	0
LEA_5	197	1	1	0	0
LEA_5	350	1	1	1	1
LEA_5	472	1	1	0	0
LEA_5	476	1	1	0	0
LEA_5	226	0	0	1	1
LEA_5	34	0	0	1	1
LEA_5	415	0	0	1	1
LEA_5	466	0	0	1	1
LEA_5	148	0	0	1	1
LEA_5	209	0	0	1	1
LEA_5	219	0	0	1	1
LEA_5	223	0	0	1	1
LEA_5	31	0	0	1	1
LEA_5	25	0	0	1	1
PsaH	131	1	1	0	0
PsaH	282	1	1	0	0
PsaH	337	1	1	0	0
PsaH	411	1	1	0	0
PsaH	414	1	1	0	0
PsaH	185	0	0	1	1
PsaH	192	0	0	1	1
BES1	73	1	1	0	0
BES1	491	1	1	0	0
BES1	202	1	1	0	0
BES1	211	1	1	0	0
BES1	210	1	1	0	0
BES1	331	0	0	1	1
BES1	412	0	0	1	1
BES1	372	0	0	1	1
AP2	366	1	1	0	0
AP2	349	1	8	0	0
AP2	348	1	5	0	0
AP2	347	1	2	0	0
AP2	346	1	2	0	0
AP2	308	1	1	0	0
AP2	350	2	5	0	0
AP2	351	1	1	0	0
AP2	345	1	2	0	0
AP2	352	1	1	0	0
AP2	191	1	6	0	0
AP2	257	1	8	0	0
AP2	291	1	7	0	0
AP2	416	1	6	1	3
AP2	256	1	5	0	0
AP2	211	1	2	0	0
AP2	290	1	4	0	0
AP2	415	1	6	1	3
AP2	255	1	3	0	0
AP2	289	1	2	0	0
AP2	433	1	1	0	0
AP2	189	1	2	0	0
AP2	210	1	2	1	1
AP2	288	1	3	0	0
AP2	403	1	3	0	0
AP2	409	1	3	0	0
AP2	213	1	4	0	0
AP2	258	1	4	0	0
AP2	292	1	4	0	0
AP2	192	1	1	0	0
AP2	190	1	2	0	0
AP2	287	1	2	0	0
AP2	212	1	4	0	0
AP2	404	1	1	0	0
AP2	410	1	1	0	0
AP2	414	1	1	0	0
AP2	428	1	1	0	0
AP2	484	1	1	0	0
AP2	386	1	1	0	0
AP2	482	1	1	1	12
AP2	68	1	2	0	0
AP2	67	1	1	0	0
AP2	117	1	8	0	0
AP2	120	1	8	0	0
AP2	146	1	8	0	0
AP2	219	1	9	0	0
AP2	116	1	5	0	0
AP2	119	1	5	0	0
AP2	145	1	5	0	0
AP2	218	1	5	0	0
AP2	115	1	2	0	0
AP2	118	1	5	0	0
AP2	144	1	2	0	0
AP2	217	1	1	0	0
AP2	267	1	1	0	0
AP2	121	1	4	0	0
AP2	147	1	4	0	0
AP2	220	1	4	0	0
AP2	148	1	1	0	0
AP2	149	1	1	0	0
AP2	393	0	0	1	3
AP2	394	0	0	1	2
AP2	104	0	0	1	1
AP2	103	0	0	1	1
AP2	426	0	0	1	2
AP2	236	0	0	1	2
AP2	237	0	0	1	2
AP2	57	0	0	1	1
AP2	483	0	0	1	8
AP2	323	0	0	2	10
AP2	379	0	0	1	6
AP2	480	0	0	1	5
AP2	479	0	0	1	10
AP2	378	0	0	1	9
AP2	377	0	0	1	3
AP2	478	0	0	1	3
AP2	481	0	0	1	3
AP2	322	0	0	2	4
AP2	126	0	0	1	1
AP2	358	0	0	1	1
AP2	127	0	0	1	3
AP2	321	0	0	1	1
AP2	312	0	0	1	2
AP2	313	0	0	1	1
AP2	165	0	0	1	2
AP2	166	0	0	1	2
AP2	4	0	0	1	1
AP2	402	0	0	1	1
AP2	364	0	0	1	4
AP2	337	0	0	1	1
AP2	363	0	0	1	1
AP2	324	0	0	1	2
E2F	327	1	1	0	0
E2F	374	1	1	1	1
E2F	258	1	1	0	0
E2F	264	1	1	0	0
E2F	277	1	1	0	0
E2F	121	1	1	0	0
E2F	459	0	0	1	1
E2F	392	0	0	1	1
E2F	397	0	0	1	1
E2F	441	0	0	1	1
E2F	472	0	0	1	1
E2F	364	0	0	1	1
E2F	376	0	0	1	1
E2F	453	0	0	1	1
E2F	457	0	0	1	1
E2F	477	0	0	1	1
E2F	365	0	0	1	1
E2F	321	0	0	1	1
WRKY	120	1	3	0	0
WRKY	121	1	5	0	0
WRKY	45	1	2	0	0
WRKY	44	1	2	0	0
WRKY	46	1	1	0	0
WRKY	367	1	1	0	0
WRKY	368	1	1	0	0
WRKY	422	1	8	0	0
WRKY	421	1	5	0	0
WRKY	423	1	1	0	0
WRKY	181	1	1	0	0
WRKY	12	1	6	0	0
WRKY	307	1	12	0	0
WRKY	33	1	5	0	0
WRKY	13	1	11	0	0
WRKY	165	1	3	0	0
WRKY	306	1	12	0	0
WRKY	14	1	3	0	0
WRKY	166	1	5	0	0
WRKY	31	1	2	0	0
WRKY	32	1	7	0	0
WRKY	308	1	2	0	0
WRKY	11	1	1	0	0
WRKY	10	1	1	0	0
WRKY	29	1	1	0	0
WRKY	34	1	1	0	0
WRKY	303	1	1	0	0
WRKY	460	1	3	0	0
WRKY	461	1	3	0	0
WRKY	459	1	2	0	0
WRKY	159	1	4	0	0
WRKY	160	1	3	0	0
WRKY	161	1	1	0	0
WRKY	158	1	1	0	0
WRKY	157	1	1	1	2
WRKY	262	1	5	0	0
WRKY	115	1	2	0	0
WRKY	260	1	2	0	0
WRKY	261	1	6	0	0
WRKY	116	1	2	0	0
WRKY	114	1	1	0	0
WRKY	258	1	1	0	0
WRKY	263	1	1	0	0
WRKY	321	0	0	1	9
WRKY	320	0	0	1	6
WRKY	317	0	0	1	1
WRKY	156	0	0	1	4
WRKY	409	0	0	1	1
WRKY	155	0	0	1	2
WRKY	41	0	0	1	2
WRKY	40	0	0	1	3
WRKY	42	0	0	1	2
WRKY	85	0	0	1	5
WRKY	87	0	0	1	6
WRKY	86	0	0	1	13
WRKY	84	0	0	1	1
WRKY	83	0	0	1	1
WRKY	88	0	0	1	1
WRKY	95	0	0	1	3
WRKY	96	0	0	1	3
WRKY	97	0	0	1	1
WRKY	94	0	0	1	1
WRKY	93	0	0	1	1
ARF	216	1	1	0	0
ARF	477	1	1	0	0
ARF	482	1	1	0	0
ARF	108	1	1	0	0
ARF	69	1	1	0	0
ARF	386	1	1	0	0
ARF	338	0	0	1	1
ARF	200	0	0	1	1
ARF	91	0	0	1	1
ARF	421	0	0	1	1
ARF	314	0	0	1	1
ARF	8	0	0	1	1
ARF	164	0	0	1	1
ARF	244	0	0	1	1
ARF	5	0	0	1	1
ARF	325	0	0	1	1
CG-1	92	1	1	0	0
CG-1	268	1	1	0	0
CG-1	95	1	1	0	0
CG-1	265	1	1	0	0
CG-1	485	1	1	0	0
CG-1	488	1	1	0	0
CG-1	286	1	1	0	0
CG-1	416	1	1	0	0
CG-1	283	1	1	0	0
CG-1	413	1	1	0	0
CG-1	203	1	1	0	0
CG-1	211	1	1	0	0
CG-1	206	1	1	0	0
CG-1	214	1	1	0	0
CG-1	472	0	0	1	1
CG-1	469	0	0	1	1
CG-1	275	0	0	1	1
CG-1	272	0	0	1	1
CG-1	294	0	0	1	1
CG-1	291	0	0	1	1
CG-1	369	0	0	1	1
CG-1	366	0	0	1	1
CG-1	318	0	0	1	1
CG-1	321	0	0	1	1
Storekeeper	384	1	1	0	0
Storekeeper	293	1	1	0	0
Storekeeper	392	0	0	1	1
Storekeeper	52	0	0	1	1
Storekeeper	59	0	0	1	1
Storekeeper	69	0	0	1	1
Storekeeper	79	0	0	1	1
Storekeeper	212	0	0	1	1
Storekeeper	339	0	0	1	1
LOB	178	1	1	0	0
LOB	88	0	0	1	1
Homeodomain	193	1	1	0	0
Homeodomain	335	0	0	1	1
Homeodomain	287	0	0	1	1
